$MeshFormat
4.1 0 8
$EndMeshFormat
$Entities
8 10 3 0
1 0 0 0 0 
2 0.9 0 0 0 
3 0.9 1 0 0 
4 0 1 0 0 
5 0.96 0 0 0 
6 0.96 1 0 0 
7 1 0 0 0 
8 1 1 0 0 
1 0 0 0 0.9 0 0 1 1 2 1 -2 
2 0.9 0 0 0.9 1 0 0 2 2 -3 
3 0 1 0 0.9 1 0 1 1 2 3 -4 
4 0 0 0 0 1 0 1 1 2 4 -1 
5 0.9 0 0 0.96 0 0 1 1 2 2 -5 
6 0.96 0 0 0.96 1 0 0 2 5 -6 
7 0.9 1 0 0.96 1 0 1 1 2 6 -3 
8 0.96 0 0 1 0 0 1 1 2 5 -7 
9 1 0 0 1 1 0 1 1 2 7 -8 
10 0.96 1 0 1 1 0 1 1 2 8 -6 
1 0 0 0 0.9 1 0 1 2 4 1 2 3 4 
2 0.9 0 0 0.96 1 0 1 3 4 5 6 7 -2 
3 0.96 0 0 1 1 0 1 4 4 8 9 10 -6 
$EndEntities
$Nodes
21 2850 1 2850
0 1 0 1
1
0 0 0
0 2 0 1
2
0.9 0 0
0 3 0 1
3
0.9 1 0
0 4 0 1
4
0 1 0
0 5 0 1
5
0.96 0 0
0 6 0 1
6
0.96 1 0
0 7 0 1
7
1 0 0
0 8 0 1
8
1 1 0
1 1 0 43
9
10
11
12
13
14
15
16
17
18
19
20
21
22
23
24
25
26
27
28
29
30
31
32
33
34
35
36
37
38
39
40
41
42
43
44
45
46
47
48
49
50
51
0.02045454545450649 0 0
0.0409090909090104 0 0
0.06136363636351647 0 0
0.0818181818180336 0 0
0.1022727272725457 0 0
0.1227272727270474 0 0
0.1431818181815334 0 0
0.1636363636360194 0 0
0.1840909090905054 0 0
0.2045454545449913 0 0
0.2249999999994773 0 0
0.2454545454539633 0 0
0.2659090909084492 0 0
0.2863636363629352 0 0
0.3068181818174212 0 0
0.3272727272719071 0 0
0.3477272727263931 0 0
0.3681818181808791 0 0
0.388636363635365 0 0
0.409090909089851 0 0
0.429545454544337 0 0
0.449999999998823 0 0
0.4704545454534135 0 0
0.4909090909080061 0 0
0.5113636363626054 0 0
0.5318181818172177 0 0
0.5522727272718082 0 0
0.5727272727264108 0 0
0.5931818181810112 0 0
0.6136363636356017 0 0
0.634090909090214 0 0
0.6545454545448046 0 0
0.6749999999994168 0 0
0.6954545454540075 0 0
0.715909090908602 0 0
0.7363636363632102 0 0
0.7568181818178009 0 0
0.777272727272413 0 0
0.7977272727270037 0 0
0.8181818181816082 0 0
0.8386363636362066 0 0
0.8590909090907972 0 0
0.8795454545454094 0 0
1 2 0 48
52
53
54
55
56
57
58
59
60
61
62
63
64
65
66
67
68
69
70
71
72
73
74
75
76
77
78
79
80
81
82
83
84
85
86
87
88
89
90
91
92
93
94
95
96
97
98
99
0.9 0.02040816326526762 0
0.9 0.04081632653053208 0
0.9 0.06122448979579391 0
0.9 0.08163265306106675 0
0.9 0.1020408163263416 0
0.9 0.1224489795916147 0
0.9 0.1428571428568666 0
0.9 0.1632653061221131 0
0.9 0.1836734693873597 0
0.9 0.2040816326526062 0
0.9 0.2244897959178528 0
0.9 0.2448979591830993 0
0.9 0.2653061224483459 0
0.9 0.2857142857135924 0
0.9 0.3061224489788389 0
0.9 0.3265306122440855 0
0.9 0.3469387755093321 0
0.9 0.3673469387745786 0
0.9 0.3877551020398252 0
0.9 0.4081632653050717 0
0.9 0.4285714285703183 0
0.9 0.4489795918355649 0
0.9 0.4693877551008114 0
0.9 0.489795918366058 0
0.9 0.5102040816313612 0
0.9 0.5306122448967212 0
0.9 0.5510204081620811 0
0.9 0.5714285714274411 0
0.9 0.591836734692801 0
0.9 0.6122448979581608 0
0.9 0.6326530612235208 0
0.9 0.6530612244888808 0
0.9 0.6734693877542408 0
0.9 0.6938775510196008 0
0.9 0.7142857142849607 0
0.9 0.7346938775503207 0
0.9 0.7551020408156806 0
0.9 0.7755102040810404 0
0.9 0.7959183673464004 0
0.9 0.8163265306117604 0
0.9 0.8367346938771204 0
0.9 0.8571428571424804 0
0.9 0.8775510204078403 0
0.9 0.8979591836732003 0
0.9 0.9183673469385601 0
0.9 0.93877551020392 0
0.9 0.95918367346928 0
0.9 0.97959183673464 0
1 3 0 43
100
101
102
103
104
105
106
107
108
109
110
111
112
113
114
115
116
117
118
119
120
121
122
123
124
125
126
127
128
129
130
131
132
133
134
135
136
137
138
139
140
141
142
0.8795454545454743 1 0
0.8590909090909663 1 0
0.8386363636364229 1 0
0.8181818181819189 1 0
0.7977272727273833 1 0
0.7772727272728674 1 0
0.7568181818183575 1 0
0.7363636363638594 1 0
0.7159090909093809 1 0
0.6954545454548532 1 0
0.6750000000003906 1 0
0.654545454545863 1 0
0.6340909090913827 1 0
0.6136363636369319 1 0
0.5931818181824318 1 0
0.572727272727991 1 0
0.5522727272734949 1 0
0.5318181818190362 1 0
0.5113636363645657 1 0
0.4909090909101081 1 0
0.4704545454556238 1 0
0.4500000000011395 1 0
0.4295454545465506 1 0
0.4090909090919599 1 0
0.3886363636373622 1 0
0.3681818181827516 1 0
0.3477272727281628 1 0
0.327272727273562 1 0
0.3068181818189634 1 0
0.2863636363643745 1 0
0.2659090909097639 1 0
0.2454545454551751 1 0
0.2250000000005644 1 0
0.2045454545459755 1 0
0.1840909090913827 1 0
0.1636363636367761 1 0
0.1431818181821871 1 0
0.1227272727275767 1 0
0.1022727272729878 1 0
0.08181818181838507 1 0
0.06136363636378839 1 0
0.04090909090919947 1 0
0.02045454545458902 1 0
1 4 0 48
143
144
145
146
147
148
149
150
151
152
153
154
155
156
157
158
159
160
161
162
163
164
165
166
167
168
169
170
171
172
173
174
175
176
177
178
179
180
181
182
183
184
185
186
187
188
189
190
0 0.9795918367346089 0
0 0.9591836734692178 0
0 0.9387755102038267 0
0 0.9183673469384356 0
0 0.8979591836730445 0
0 0.877551020407668 0
0 0.8571428571424606 0
0 0.8367346938772962 0
0 0.8163265306121316 0
0 0.7959183673469671 0
0 0.7755102040818026 0
0 0.7551020408166381 0
0 0.7346938775514735 0
0 0.714285714286309 0
0 0.6938775510211445 0
0 0.6734693877559799 0
0 0.6530612244908154 0
0 0.6326530612256508 0
0 0.6122448979604862 0
0 0.5918367346953217 0
0 0.5714285714301571 0
0 0.5510204081649925 0
0 0.5306122448998281 0
0 0.5102040816346634 0
0 0.4897959183693855 0
0 0.4693877551039946 0
0 0.4489795918386036 0
0 0.4285714285732124 0
0 0.4081632653078213 0
0 0.3877551020424302 0
0 0.3673469387770393 0
0 0.3469387755116482 0
0 0.326530612246257 0
0 0.306122448980866 0
0 0.285714285715475 0
0 0.2653061224500839 0
0 0.2448979591846928 0
0 0.2244897959193017 0
0 0.2040816326539108 0
0 0.1836734693885196 0
0 0.1632653061231285 0
0 0.1428571428577375 0
0 0.1224489795923465 0
0 0.1020408163269554 0
0 0.08163265306156431 0
0 0.06122448979617323 0
0 0.04081632653078227 0
0 0.02040816326539108 0
1 5 0 2
191
192
0.9199999999999566 0 0
0.9399999999999999 0 0
1 6 0 48
193
194
195
196
197
198
199
200
201
202
203
204
205
206
207
208
209
210
211
212
213
214
215
216
217
218
219
220
221
222
223
224
225
226
227
228
229
230
231
232
233
234
235
236
237
238
239
240
0.96 0.02040816326526762 0
0.96 0.04081632653053208 0
0.96 0.06122448979579391 0
0.96 0.08163265306106675 0
0.96 0.1020408163263416 0
0.96 0.1224489795916147 0
0.96 0.1428571428568666 0
0.96 0.1632653061221131 0
0.96 0.1836734693873597 0
0.96 0.2040816326526062 0
0.96 0.2244897959178528 0
0.96 0.2448979591830993 0
0.96 0.2653061224483459 0
0.96 0.2857142857135924 0
0.96 0.3061224489788389 0
0.96 0.3265306122440855 0
0.96 0.3469387755093321 0
0.96 0.3673469387745786 0
0.96 0.3877551020398252 0
0.96 0.4081632653050717 0
0.96 0.4285714285703183 0
0.96 0.4489795918355649 0
0.96 0.4693877551008114 0
0.96 0.489795918366058 0
0.96 0.5102040816313612 0
0.96 0.5306122448967212 0
0.96 0.5510204081620811 0
0.96 0.5714285714274411 0
0.96 0.591836734692801 0
0.96 0.6122448979581608 0
0.96 0.6326530612235208 0
0.96 0.6530612244888808 0
0.96 0.6734693877542408 0
0.96 0.6938775510196008 0
0.96 0.7142857142849607 0
0.96 0.7346938775503207 0
0.96 0.7551020408156806 0
0.96 0.7755102040810404 0
0.96 0.7959183673464004 0
0.96 0.8163265306117604 0
0.96 0.8367346938771204 0
0.96 0.8571428571424804 0
0.96 0.8775510204078403 0
0.96 0.8979591836732003 0
0.96 0.9183673469385601 0
0.96 0.93877551020392 0
0.96 0.95918367346928 0
0.96 0.97959183673464 0
1 7 0 2
241
242
0.9400000000000578 1 0
0.9200000000000289 1 0
1 8 0 8
243
244
245
246
247
248
249
250
0.9800391431980605 0 0
0.9900587126695717 0 0
0.9950684963415293 0 0
0.997573387645597 0 0
0.9988258330317077 0 0
0.9994520555917756 0 0
0.9997651668053317 0 0
0.9999217223677819 0 0
1 9 0 48
251
252
253
254
255
256
257
258
259
260
261
262
263
264
265
266
267
268
269
270
271
272
273
274
275
276
277
278
279
280
281
282
283
284
285
286
287
288
289
290
291
292
293
294
295
296
297
298
1 0.02040816326526762 0
1 0.04081632653053208 0
1 0.06122448979579391 0
1 0.08163265306106675 0
1 0.1020408163263416 0
1 0.1224489795916147 0
1 0.1428571428568666 0
1 0.1632653061221131 0
1 0.1836734693873597 0
1 0.2040816326526062 0
1 0.2244897959178528 0
1 0.2448979591830993 0
1 0.2653061224483459 0
1 0.2857142857135924 0
1 0.3061224489788389 0
1 0.3265306122440855 0
1 0.3469387755093321 0
1 0.3673469387745786 0
1 0.3877551020398252 0
1 0.4081632653050717 0
1 0.4285714285703183 0
1 0.4489795918355649 0
1 0.4693877551008114 0
1 0.489795918366058 0
1 0.5102040816313612 0
1 0.5306122448967212 0
1 0.5510204081620811 0
1 0.5714285714274411 0
1 0.591836734692801 0
1 0.6122448979581608 0
1 0.6326530612235208 0
1 0.6530612244888808 0
1 0.6734693877542408 0
1 0.6938775510196008 0
1 0.7142857142849607 0
1 0.7346938775503207 0
1 0.7551020408156806 0
1 0.7755102040810404 0
1 0.7959183673464004 0
1 0.8163265306117604 0
1 0.8367346938771204 0
1 0.8571428571424804 0
1 0.8775510204078403 0
1 0.8979591836732003 0
1 0.9183673469385601 0
1 0.93877551020392 0
1 0.95918367346928 0
1 0.97959183673464 0
1 10 0 8
299
300
301
302
303
304
305
306
0.9999217220146613 1 0
0.9997651662425753 1 0
0.999452054698226 1 0
0.9988258316091797 1 0
0.9975733854304258 1 0
0.9950684930715477 1 0
0.9900587083510239 1 0
0.9800391389044474 1 0
2 1 0 2064
307
308
309
310
311
312
313
314
315
316
317
318
319
320
321
322
323
324
325
326
327
328
329
330
331
332
333
334
335
336
337
338
339
340
341
342
343
344
345
346
347
348
349
350
351
352
353
354
355
356
357
358
359
360
361
362
363
364
365
366
367
368
369
370
371
372
373
374
375
376
377
378
379
380
381
382
383
384
385
386
387
388
389
390
391
392
393
394
395
396
397
398
399
400
401
402
403
404
405
406
407
408
409
410
411
412
413
414
415
416
417
418
419
420
421
422
423
424
425
426
427
428
429
430
431
432
433
434
435
436
437
438
439
440
441
442
443
444
445
446
447
448
449
450
451
452
453
454
455
456
457
458
459
460
461
462
463
464
465
466
467
468
469
470
471
472
473
474
475
476
477
478
479
480
481
482
483
484
485
486
487
488
489
490
491
492
493
494
495
496
497
498
499
500
501
502
503
504
505
506
507
508
509
510
511
512
513
514
515
516
517
518
519
520
521
522
523
524
525
526
527
528
529
530
531
532
533
534
535
536
537
538
539
540
541
542
543
544
545
546
547
548
549
550
551
552
553
554
555
556
557
558
559
560
561
562
563
564
565
566
567
568
569
570
571
572
573
574
575
576
577
578
579
580
581
582
583
584
585
586
587
588
589
590
591
592
593
594
595
596
597
598
599
600
601
602
603
604
605
606
607
608
609
610
611
612
613
614
615
616
617
618
619
620
621
622
623
624
625
626
627
628
629
630
631
632
633
634
635
636
637
638
639
640
641
642
643
644
645
646
647
648
649
650
651
652
653
654
655
656
657
658
659
660
661
662
663
664
665
666
667
668
669
670
671
672
673
674
675
676
677
678
679
680
681
682
683
684
685
686
687
688
689
690
691
692
693
694
695
696
697
698
699
700
701
702
703
704
705
706
707
708
709
710
711
712
713
714
715
716
717
718
719
720
721
722
723
724
725
726
727
728
729
730
731
732
733
734
735
736
737
738
739
740
741
742
743
744
745
746
747
748
749
750
751
752
753
754
755
756
757
758
759
760
761
762
763
764
765
766
767
768
769
770
771
772
773
774
775
776
777
778
779
780
781
782
783
784
785
786
787
788
789
790
791
792
793
794
795
796
797
798
799
800
801
802
803
804
805
806
807
808
809
810
811
812
813
814
815
816
817
818
819
820
821
822
823
824
825
826
827
828
829
830
831
832
833
834
835
836
837
838
839
840
841
842
843
844
845
846
847
848
849
850
851
852
853
854
855
856
857
858
859
860
861
862
863
864
865
866
867
868
869
870
871
872
873
874
875
876
877
878
879
880
881
882
883
884
885
886
887
888
889
890
891
892
893
894
895
896
897
898
899
900
901
902
903
904
905
906
907
908
909
910
911
912
913
914
915
916
917
918
919
920
921
922
923
924
925
926
927
928
929
930
931
932
933
934
935
936
937
938
939
940
941
942
943
944
945
946
947
948
949
950
951
952
953
954
955
956
957
958
959
960
961
962
963
964
965
966
967
968
969
970
971
972
973
974
975
976
977
978
979
980
981
982
983
984
985
986
987
988
989
990
991
992
993
994
995
996
997
998
999
1000
1001
1002
1003
1004
1005
1006
1007
1008
1009
1010
1011
1012
1013
1014
1015
1016
1017
1018
1019
1020
1021
1022
1023
1024
1025
1026
1027
1028
1029
1030
1031
1032
1033
1034
1035
1036
1037
1038
1039
1040
1041
1042
1043
1044
1045
1046
1047
1048
1049
1050
1051
1052
1053
1054
1055
1056
1057
1058
1059
1060
1061
1062
1063
1064
1065
1066
1067
1068
1069
1070
1071
1072
1073
1074
1075
1076
1077
1078
1079
1080
1081
1082
1083
1084
1085
1086
1087
1088
1089
1090
1091
1092
1093
1094
1095
1096
1097
1098
1099
1100
1101
1102
1103
1104
1105
1106
1107
1108
1109
1110
1111
1112
1113
1114
1115
1116
1117
1118
1119
1120
1121
1122
1123
1124
1125
1126
1127
1128
1129
1130
1131
1132
1133
1134
1135
1136
1137
1138
1139
1140
1141
1142
1143
1144
1145
1146
1147
1148
1149
1150
1151
1152
1153
1154
1155
1156
1157
1158
1159
1160
1161
1162
1163
1164
1165
1166
1167
1168
1169
1170
1171
1172
1173
1174
1175
1176
1177
1178
1179
1180
1181
1182
1183
1184
1185
1186
1187
1188
1189
1190
1191
1192
1193
1194
1195
1196
1197
1198
1199
1200
1201
1202
1203
1204
1205
1206
1207
1208
1209
1210
1211
1212
1213
1214
1215
1216
1217
1218
1219
1220
1221
1222
1223
1224
1225
1226
1227
1228
1229
1230
1231
1232
1233
1234
1235
1236
1237
1238
1239
1240
1241
1242
1243
1244
1245
1246
1247
1248
1249
1250
1251
1252
1253
1254
1255
1256
1257
1258
1259
1260
1261
1262
1263
1264
1265
1266
1267
1268
1269
1270
1271
1272
1273
1274
1275
1276
1277
1278
1279
1280
1281
1282
1283
1284
1285
1286
1287
1288
1289
1290
1291
1292
1293
1294
1295
1296
1297
1298
1299
1300
1301
1302
1303
1304
1305
1306
1307
1308
1309
1310
1311
1312
1313
1314
1315
1316
1317
1318
1319
1320
1321
1322
1323
1324
1325
1326
1327
1328
1329
1330
1331
1332
1333
1334
1335
1336
1337
1338
1339
1340
1341
1342
1343
1344
1345
1346
1347
1348
1349
1350
1351
1352
1353
1354
1355
1356
1357
1358
1359
1360
1361
1362
1363
1364
1365
1366
1367
1368
1369
1370
1371
1372
1373
1374
1375
1376
1377
1378
1379
1380
1381
1382
1383
1384
1385
1386
1387
1388
1389
1390
1391
1392
1393
1394
1395
1396
1397
1398
1399
1400
1401
1402
1403
1404
1405
1406
1407
1408
1409
1410
1411
1412
1413
1414
1415
1416
1417
1418
1419
1420
1421
1422
1423
1424
1425
1426
1427
1428
1429
1430
1431
1432
1433
1434
1435
1436
1437
1438
1439
1440
1441
1442
1443
1444
1445
1446
1447
1448
1449
1450
1451
1452
1453
1454
1455
1456
1457
1458
1459
1460
1461
1462
1463
1464
1465
1466
1467
1468
1469
1470
1471
1472
1473
1474
1475
1476
1477
1478
1479
1480
1481
1482
1483
1484
1485
1486
1487
1488
1489
1490
1491
1492
1493
1494
1495
1496
1497
1498
1499
1500
1501
1502
1503
1504
1505
1506
1507
1508
1509
1510
1511
1512
1513
1514
1515
1516
1517
1518
1519
1520
1521
1522
1523
1524
1525
1526
1527
1528
1529
1530
1531
1532
1533
1534
1535
1536
1537
1538
1539
1540
1541
1542
1543
1544
1545
1546
1547
1548
1549
1550
1551
1552
1553
1554
1555
1556
1557
1558
1559
1560
1561
1562
1563
1564
1565
1566
1567
1568
1569
1570
1571
1572
1573
1574
1575
1576
1577
1578
1579
1580
1581
1582
1583
1584
1585
1586
1587
1588
1589
1590
1591
1592
1593
1594
1595
1596
1597
1598
1599
1600
1601
1602
1603
1604
1605
1606
1607
1608
1609
1610
1611
1612
1613
1614
1615
1616
1617
1618
1619
1620
1621
1622
1623
1624
1625
1626
1627
1628
1629
1630
1631
1632
1633
1634
1635
1636
1637
1638
1639
1640
1641
1642
1643
1644
1645
1646
1647
1648
1649
1650
1651
1652
1653
1654
1655
1656
1657
1658
1659
1660
1661
1662
1663
1664
1665
1666
1667
1668
1669
1670
1671
1672
1673
1674
1675
1676
1677
1678
1679
1680
1681
1682
1683
1684
1685
1686
1687
1688
1689
1690
1691
1692
1693
1694
1695
1696
1697
1698
1699
1700
1701
1702
1703
1704
1705
1706
1707
1708
1709
1710
1711
1712
1713
1714
1715
1716
1717
1718
1719
1720
1721
1722
1723
1724
1725
1726
1727
1728
1729
1730
1731
1732
1733
1734
1735
1736
1737
1738
1739
1740
1741
1742
1743
1744
1745
1746
1747
1748
1749
1750
1751
1752
1753
1754
1755
1756
1757
1758
1759
1760
1761
1762
1763
1764
1765
1766
1767
1768
1769
1770
1771
1772
1773
1774
1775
1776
1777
1778
1779
1780
1781
1782
1783
1784
1785
1786
1787
1788
1789
1790
1791
1792
1793
1794
1795
1796
1797
1798
1799
1800
1801
1802
1803
1804
1805
1806
1807
1808
1809
1810
1811
1812
1813
1814
1815
1816
1817
1818
1819
1820
1821
1822
1823
1824
1825
1826
1827
1828
1829
1830
1831
1832
1833
1834
1835
1836
1837
1838
1839
1840
1841
1842
1843
1844
1845
1846
1847
1848
1849
1850
1851
1852
1853
1854
1855
1856
1857
1858
1859
1860
1861
1862
1863
1864
1865
1866
1867
1868
1869
1870
1871
1872
1873
1874
1875
1876
1877
1878
1879
1880
1881
1882
1883
1884
1885
1886
1887
1888
1889
1890
1891
1892
1893
1894
1895
1896
1897
1898
1899
1900
1901
1902
1903
1904
1905
1906
1907
1908
1909
1910
1911
1912
1913
1914
1915
1916
1917
1918
1919
1920
1921
1922
1923
1924
1925
1926
1927
1928
1929
1930
1931
1932
1933
1934
1935
1936
1937
1938
1939
1940
1941
1942
1943
1944
1945
1946
1947
1948
1949
1950
1951
1952
1953
1954
1955
1956
1957
1958
1959
1960
1961
1962
1963
1964
1965
1966
1967
1968
1969
1970
1971
1972
1973
1974
1975
1976
1977
1978
1979
1980
1981
1982
1983
1984
1985
1986
1987
1988
1989
1990
1991
1992
1993
1994
1995
1996
1997
1998
1999
2000
2001
2002
2003
2004
2005
2006
2007
2008
2009
2010
2011
2012
2013
2014
2015
2016
2017
2018
2019
2020
2021
2022
2023
2024
2025
2026
2027
2028
2029
2030
2031
2032
2033
2034
2035
2036
2037
2038
2039
2040
2041
2042
2043
2044
2045
2046
2047
2048
2049
2050
2051
2052
2053
2054
2055
2056
2057
2058
2059
2060
2061
2062
2063
2064
2065
2066
2067
2068
2069
2070
2071
2072
2073
2074
2075
2076
2077
2078
2079
2080
2081
2082
2083
2084
2085
2086
2087
2088
2089
2090
2091
2092
2093
2094
2095
2096
2097
2098
2099
2100
2101
2102
2103
2104
2105
2106
2107
2108
2109
2110
2111
2112
2113
2114
2115
2116
2117
2118
2119
2120
2121
2122
2123
2124
2125
2126
2127
2128
2129
2130
2131
2132
2133
2134
2135
2136
2137
2138
2139
2140
2141
2142
2143
2144
2145
2146
2147
2148
2149
2150
2151
2152
2153
2154
2155
2156
2157
2158
2159
2160
2161
2162
2163
2164
2165
2166
2167
2168
2169
2170
2171
2172
2173
2174
2175
2176
2177
2178
2179
2180
2181
2182
2183
2184
2185
2186
2187
2188
2189
2190
2191
2192
2193
2194
2195
2196
2197
2198
2199
2200
2201
2202
2203
2204
2205
2206
2207
2208
2209
2210
2211
2212
2213
2214
2215
2216
2217
2218
2219
2220
2221
2222
2223
2224
2225
2226
2227
2228
2229
2230
2231
2232
2233
2234
2235
2236
2237
2238
2239
2240
2241
2242
2243
2244
2245
2246
2247
2248
2249
2250
2251
2252
2253
2254
2255
2256
2257
2258
2259
2260
2261
2262
2263
2264
2265
2266
2267
2268
2269
2270
2271
2272
2273
2274
2275
2276
2277
2278
2279
2280
2281
2282
2283
2284
2285
2286
2287
2288
2289
2290
2291
2292
2293
2294
2295
2296
2297
2298
2299
2300
2301
2302
2303
2304
2305
2306
2307
2308
2309
2310
2311
2312
2313
2314
2315
2316
2317
2318
2319
2320
2321
2322
2323
2324
2325
2326
2327
2328
2329
2330
2331
2332
2333
2334
2335
2336
2337
2338
2339
2340
2341
2342
2343
2344
2345
2346
2347
2348
2349
2350
2351
2352
2353
2354
2355
2356
2357
2358
2359
2360
2361
2362
2363
2364
2365
2366
2367
2368
2369
2370
0.02045454545450818 0.02040816326538831 0
0.02045454545450986 0.0408163265307766 0
0.02045454545451154 0.06122448979616456 0
0.02045454545451323 0.08163265306155298 0
0.02045454545451492 0.1020408163269415 0
0.02045454545451659 0.1224489795923298 0
0.02045454545451828 0.1428571428577177 0
0.02045454545451997 0.1632653061231054 0
0.02045454545452165 0.1836734693884933 0
0.02045454545452335 0.2040816326538812 0
0.02045454545452503 0.2244897959192688 0
0.02045454545452668 0.2448979591846565 0
0.02045454545452839 0.2653061224500444 0
0.02045454545453007 0.2857142857154323 0
0.02045454545453175 0.3061224489808201 0
0.02045454545453343 0.3265306122462076 0
0.02045454545453514 0.3469387755115955 0
0.02045454545453682 0.3673469387769833 0
0.02045454545453845 0.387755102042371 0
0.02045454545454017 0.408163265307759 0
0.02045454545454185 0.4285714285731467 0
0.02045454545454353 0.4489795918385345 0
0.02045454545454525 0.4693877551039223 0
0.02045454545454693 0.4897959183693099 0
0.0204545454545486 0.5102040816345882 0
0.02045454545455028 0.5306122448997573 0
0.02045454545455195 0.5510204081649264 0
0.02045454545455362 0.5714285714300955 0
0.02045454545455536 0.5918367346952643 0
0.02045454545455704 0.6122448979604332 0
0.02045454545455871 0.6326530612256025 0
0.02045454545456039 0.6530612244907713 0
0.02045454545456206 0.6734693877559403 0
0.02045454545456372 0.6938775510211094 0
0.02045454545456539 0.7142857142862783 0
0.02045454545456714 0.7346938775514472 0
0.02045454545456881 0.7551020408166165 0
0.02045454545457049 0.7755102040817855 0
0.02045454545457215 0.7959183673469542 0
0.02045454545457382 0.8163265306121232 0
0.02045454545457548 0.8367346938772922 0
0.02045454545457725 0.8571428571424611 0
0.02045454545457892 0.8775510204076717 0
0.02045454545458059 0.8979591836730479 0
0.02045454545458235 0.9183673469384384 0
0.02045454545458393 0.9387755102038289 0
0.02045454545458559 0.9591836734692191 0
0.02045454545458735 0.9795918367346096 0
0.04090909090901428 0.02040816326538542 0
0.04090909090901813 0.04081632653077094 0
0.04090909090902197 0.06122448979615602 0
0.04090909090902582 0.08163265306154166 0
0.04090909090902971 0.1020408163269275 0
0.04090909090903355 0.1224489795923132 0
0.0409090909090374 0.1428571428576979 0
0.04090909090904127 0.1632653061230823 0
0.04090909090904513 0.1836734693884669 0
0.040909090909049 0.2040816326538515 0
0.04090909090905284 0.2244897959192358 0
0.0409090909090567 0.2448979591846203 0
0.04090909090906057 0.2653061224500048 0
0.0409090909090644 0.2857142857153893 0
0.04090909090906827 0.306122448980774 0
0.04090909090907213 0.3265306122461584 0
0.040909090909076 0.3469387755115429 0
0.04090909090907987 0.3673469387769275 0
0.0409090909090837 0.3877551020423119 0
0.04090909090908758 0.4081632653076963 0
0.04090909090909144 0.4285714285730809 0
0.04090909090909527 0.4489795918384656 0
0.04090909090909918 0.4693877551038499 0
0.04090909090910306 0.4897959183692343 0
0.04090909090910688 0.5102040816345131 0
0.04090909090911075 0.5306122448996867 0
0.04090909090911456 0.5510204081648601 0
0.04090909090911844 0.5714285714300336 0
0.04090909090912231 0.591836734695207 0
0.04090909090912618 0.6122448979603805 0
0.04090909090913007 0.6326530612255541 0
0.04090909090913387 0.6530612244907275 0
0.04090909090913775 0.6734693877559007 0
0.04090909090914163 0.6938775510210744 0
0.04090909090914542 0.7142857142862477 0
0.0409090909091493 0.734693877551421 0
0.04090909090915318 0.7551020408165947 0
0.04090909090915706 0.7755102040817681 0
0.04090909090916094 0.7959183673469415 0
0.04090909090916473 0.8163265306121148 0
0.04090909090916862 0.836734693877288 0
0.04090909090917249 0.8571428571424615 0
0.04090909090917627 0.8775510204076759 0
0.04090909090918017 0.8979591836730516 0
0.04090909090918414 0.9183673469384414 0
0.04090909090918794 0.9387755102038309 0
0.04090909090919181 0.9591836734692206 0
0.04090909090919558 0.9795918367346105 0
0.06136363636352202 0.02040816326538264 0
0.06136363636352758 0.04081632653076516 0
0.06136363636353314 0.06122448979614736 0
0.06136363636353866 0.08163265306153035 0
0.06136363636354421 0.1020408163269135 0
0.06136363636354977 0.1224489795922965 0
0.0613636363635553 0.1428571428576781 0
0.06136363636356088 0.1632653061230593 0
0.06136363636356641 0.1836734693884405 0
0.06136363636357198 0.2040816326538218 0
0.06136363636357751 0.224489795919203 0
0.06136363636358309 0.2448979591845841 0
0.06136363636358863 0.2653061224499653 0
0.06136363636359414 0.2857142857153466 0
0.06136363636359971 0.306122448980728 0
0.06136363636360524 0.326530612246109 0
0.06136363636361082 0.3469387755114904 0
0.06136363636361632 0.3673469387768715 0
0.06136363636362192 0.3877551020422524 0
0.0613636363636275 0.4081632653076338 0
0.06136363636363303 0.4285714285730151 0
0.06136363636363852 0.4489795918383964 0
0.06136363636364409 0.4693877551037775 0
0.06136363636364968 0.4897959183691586 0
0.06136363636365518 0.5102040816344381 0
0.0613636363636608 0.5306122448996162 0
0.06136363636366626 0.551020408164794 0
0.06136363636367188 0.5714285714299721 0
0.06136363636367738 0.5918367346951497 0
0.06136363636368299 0.6122448979603277 0
0.0613636363636885 0.6326530612255057 0
0.06136363636369403 0.6530612244906835 0
0.06136363636369967 0.6734693877558611 0
0.06136363636370511 0.6938775510210393 0
0.06136363636371067 0.7142857142862171 0
0.06136363636371622 0.7346938775513948 0
0.06136363636372187 0.755102040816573 0
0.06136363636372733 0.7755102040817506 0
0.06136363636373288 0.7959183673469284 0
0.06136363636373843 0.8163265306121065 0
0.06136363636374398 0.8367346938772842 0
0.06136363636374953 0.857142857142462 0
0.06136363636375507 0.8775510204076797 0
0.06136363636376062 0.8979591836730552 0
0.06136363636376619 0.9183673469384441 0
0.06136363636377185 0.9387755102038329 0
0.06136363636377729 0.9591836734692221 0
0.06136363636378284 0.9795918367346109 0
0.08181818181804079 0.02040816326537987 0
0.08181818181804791 0.04081632653075951 0
0.0818181818180551 0.0612244897961387 0
0.08181818181806232 0.08163265306151911 0
0.08181818181806946 0.1020408163268995 0
0.08181818181807667 0.12244897959228 0
0.08181818181808381 0.1428571428576584 0
0.081818181818091 0.1632653061230362 0
0.08181818181809816 0.1836734693884141 0
0.08181818181810536 0.2040816326537922 0
0.08181818181811248 0.2244897959191701 0
0.08181818181811971 0.2448979591845479 0
0.08181818181812688 0.2653061224499261 0
0.08181818181813398 0.2857142857153039 0
0.08181818181814121 0.3061224489806818 0
0.08181818181814837 0.3265306122460596 0
0.08181818181815559 0.3469387755114378 0
0.08181818181816274 0.3673469387768155 0
0.08181818181816991 0.3877551020421934 0
0.08181818181817704 0.4081632653075714 0
0.08181818181818423 0.4285714285729494 0
0.08181818181819142 0.4489795918383275 0
0.08181818181819854 0.4693877551037051 0
0.08181818181820574 0.4897959183690829 0
0.0818181818182129 0.510204081634363 0
0.08181818181822011 0.5306122448995455 0
0.0818181818182273 0.5510204081647276 0
0.08181818181823441 0.5714285714299103 0
0.08181818181824163 0.5918367346950926 0
0.08181818181824883 0.6122448979602746 0
0.08181818181825595 0.6326530612254573 0
0.08181818181826317 0.6530612244906393 0
0.08181818181827029 0.6734693877558217 0
0.08181818181827749 0.6938775510210042 0
0.08181818181828474 0.7142857142861866 0
0.08181818181829181 0.7346938775513686 0
0.08181818181829902 0.7551020408165511 0
0.08181818181830616 0.7755102040817333 0
0.08181818181831335 0.7959183673469156 0
0.08181818181832055 0.8163265306120978 0
0.08181818181832777 0.8367346938772801 0
0.08181818181833481 0.8571428571424624 0
0.08181818181834201 0.8775510204076837 0
0.0818181818183492 0.8979591836730586 0
0.08181818181835641 0.9183673469384469 0
0.08181818181836362 0.9387755102038349 0
0.08181818181837076 0.9591836734692236 0
0.08181818181837787 0.9795918367346118 0
0.1022727272725547 0.02040816326537708 0
0.1022727272725638 0.04081632653075385 0
0.1022727272725728 0.06122448979613015 0
0.1022727272725818 0.0816326530615078 0
0.1022727272725908 0.1020408163268856 0
0.1022727272725998 0.1224489795922633 0
0.1022727272726088 0.1428571428576385 0
0.1022727272726178 0.1632653061230132 0
0.1022727272726269 0.1836734693883878 0
0.1022727272726359 0.2040816326537626 0
0.1022727272726449 0.2244897959191371 0
0.1022727272726539 0.2448979591845117 0
0.102272727272663 0.2653061224498866 0
0.102272727272672 0.2857142857152611 0
0.102272727272681 0.3061224489806358 0
0.10227272727269 0.3265306122460104 0
0.102272727272699 0.3469387755113848 0
0.1022727272727081 0.3673469387767596 0
0.1022727272727171 0.387755102042134 0
0.1022727272727262 0.4081632653075089 0
0.1022727272727352 0.4285714285728834 0
0.1022727272727442 0.4489795918382581 0
0.1022727272727532 0.4693877551036328 0
0.1022727272727622 0.4897959183690074 0
0.1022727272727713 0.510204081634288 0
0.1022727272727803 0.5306122448994749 0
0.1022727272727893 0.5510204081646615 0
0.1022727272727983 0.5714285714298486 0
0.1022727272728073 0.5918367346950352 0
0.1022727272728164 0.6122448979602219 0
0.1022727272728254 0.6326530612254089 0
0.1022727272728344 0.6530612244905954 0
0.1022727272728435 0.6734693877557821 0
0.1022727272728525 0.6938775510209692 0
0.1022727272728615 0.7142857142861557 0
0.1022727272728705 0.7346938775513425 0
0.1022727272728795 0.7551020408165292 0
0.1022727272728886 0.7755102040817161 0
0.1022727272728976 0.7959183673469028 0
0.1022727272729066 0.8163265306120895 0
0.1022727272729156 0.8367346938772759 0
0.1022727272729246 0.8571428571424629 0
0.1022727272729335 0.8775510204076876 0
0.1022727272729426 0.8979591836730619 0
0.1022727272729517 0.9183673469384499 0
0.1022727272729607 0.9387755102038373 0
0.1022727272729698 0.9591836734692251 0
0.1022727272729788 0.9795918367346124 0
0.1227272727270582 0.0204081632653742 0
0.122727272727069 0.04081632653074817 0
0.1227272727270798 0.06122448979612149 0
0.1227272727270906 0.08163265306149645 0
0.1227272727271015 0.1020408163268717 0
0.1227272727271123 0.1224489795922467 0
0.1227272727271231 0.1428571428576187 0
0.1227272727271339 0.16326530612299 0
0.1227272727271447 0.1836734693883614 0
0.1227272727271554 0.2040816326537329 0
0.1227272727271663 0.2244897959191041 0
0.122727272727177 0.2448979591844755 0
0.1227272727271879 0.265306122449847 0
0.1227272727271986 0.2857142857152181 0
0.1227272727272095 0.3061224489805895 0
0.1227272727272203 0.326530612245961 0
0.1227272727272311 0.3469387755113322 0
0.1227272727272418 0.3673469387767036 0
0.1227272727272526 0.3877551020420751 0
0.1227272727272635 0.4081632653074464 0
0.1227272727272742 0.4285714285728177 0
0.122727272727285 0.4489795918381894 0
0.1227272727272959 0.4693877551035605 0
0.1227272727273066 0.4897959183689317 0
0.1227272727273175 0.5102040816342129 0
0.1227272727273283 0.5306122448994043 0
0.1227272727273391 0.5510204081645954 0
0.1227272727273499 0.5714285714297869 0
0.1227272727273606 0.5918367346949779 0
0.1227272727273715 0.612244897960169 0
0.1227272727273824 0.6326530612253605 0
0.1227272727273931 0.6530612244905515 0
0.1227272727274039 0.6734693877557426 0
0.1227272727274147 0.6938775510209341 0
0.1227272727274255 0.714285714286125 0
0.1227272727274363 0.7346938775513162 0
0.1227272727274471 0.7551020408165077 0
0.1227272727274579 0.7755102040816986 0
0.1227272727274687 0.7959183673468899 0
0.1227272727274794 0.816326530612081 0
0.1227272727274903 0.8367346938772722 0
0.1227272727275011 0.8571428571424633 0
0.1227272727275118 0.8775510204076915 0
0.1227272727275226 0.8979591836730656 0
0.1227272727275335 0.9183673469384526 0
0.1227272727275444 0.9387755102038393 0
0.1227272727275551 0.9591836734692263 0
0.1227272727275659 0.9795918367346131 0
0.1431818181815468 0.02040816326537143 0
0.1431818181815601 0.04081632653074242 0
0.1431818181815735 0.06122448979611295 0
0.1431818181815868 0.08163265306148515 0
0.1431818181816002 0.1020408163268578 0
0.1431818181816135 0.1224489795922301 0
0.1431818181816268 0.142857142857599 0
0.1431818181816401 0.163265306122967 0
0.1431818181816535 0.1836734693883351 0
0.1431818181816669 0.2040816326537033 0
0.1431818181816802 0.2244897959190713 0
0.1431818181816935 0.2448979591844393 0
0.1431818181817069 0.2653061224498075 0
0.1431818181817202 0.2857142857151756 0
0.1431818181817335 0.3061224489805437 0
0.1431818181817469 0.3265306122459115 0
0.1431818181817603 0.3469387755112796 0
0.1431818181817736 0.3673469387766476 0
0.1431818181817869 0.3877551020420157 0
0.1431818181818003 0.4081632653073839 0
0.1431818181818136 0.428571428572752 0
0.143181818181827 0.4489795918381204 0
0.1431818181818403 0.4693877551034881 0
0.1431818181818536 0.4897959183688562 0
0.143181818181867 0.5102040816341379 0
0.1431818181818804 0.5306122448993337 0
0.1431818181818936 0.5510204081645292 0
0.143181818181907 0.5714285714297251 0
0.1431818181819203 0.5918367346949206 0
0.1431818181819337 0.6122448979601162 0
0.1431818181819469 0.6326530612253121 0
0.1431818181819603 0.6530612244905074 0
0.1431818181819737 0.673469387755703 0
0.143181818181987 0.693877551020899 0
0.1431818181820003 0.7142857142860944 0
0.1431818181820137 0.73469387755129 0
0.1431818181820271 0.7551020408164859 0
0.1431818181820405 0.7755102040816813 0
0.1431818181820538 0.795918367346877 0
0.1431818181820672 0.8163265306120726 0
0.1431818181820804 0.8367346938772681 0
0.1431818181820939 0.857142857142464 0
0.1431818181821072 0.8775510204076954 0
0.1431818181821204 0.8979591836730694 0
0.1431818181821339 0.9183673469384552 0
0.1431818181821471 0.9387755102038415 0
0.1431818181821605 0.9591836734692276 0
0.1431818181821738 0.9795918367346141 0
0.1636363636360348 0.02040816326536865 0
0.1636363636360503 0.04081632653073675 0
0.1636363636360658 0.06122448979610429 0
0.1636363636360812 0.08163265306147385 0
0.1636363636360966 0.1020408163268438 0
0.1636363636361121 0.1224489795922134 0
0.1636363636361275 0.1428571428575791 0
0.163636363636143 0.1632653061229439 0
0.1636363636361584 0.1836734693883086 0
0.1636363636361738 0.2040816326536737 0
0.1636363636361893 0.2244897959190383 0
0.1636363636362047 0.2448979591844032 0
0.1636363636362203 0.265306122449768 0
0.1636363636362356 0.2857142857151327 0
0.1636363636362511 0.3061224489804975 0
0.1636363636362665 0.3265306122458623 0
0.163636363636282 0.3469387755112271 0
0.1636363636362974 0.3673469387765916 0
0.1636363636363128 0.3877551020419566 0
0.1636363636363283 0.4081632653073214 0
0.1636363636363437 0.4285714285726863 0
0.1636363636363592 0.4489795918380511 0
0.1636363636363746 0.4693877551034158 0
0.1636363636363901 0.4897959183687806 0
0.1636363636364055 0.5102040816340629 0
0.1636363636364209 0.5306122448992631 0
0.1636363636364364 0.551020408164463 0
0.1636363636364519 0.5714285714296632 0
0.1636363636364672 0.5918367346948633 0
0.1636363636364827 0.6122448979600634 0
0.1636363636364982 0.6326530612252634 0
0.1636363636365136 0.6530612244904637 0
0.1636363636365291 0.6734693877556636 0
0.1636363636365445 0.6938775510208637 0
0.16363636363656 0.7142857142860638 0
0.1636363636365753 0.7346938775512638 0
0.1636363636365909 0.7551020408164641 0
0.1636363636366063 0.7755102040816639 0
0.1636363636366217 0.7959183673468642 0
0.1636363636366371 0.8163265306120639 0
0.1636363636366527 0.8367346938772643 0
0.163636363636668 0.8571428571424642 0
0.1636363636366834 0.8775510204076995 0
0.163636363636699 0.8979591836730727 0
0.1636363636367143 0.9183673469384582 0
0.1636363636367298 0.9387755102038436 0
0.1636363636367452 0.9591836734692292 0
0.1636363636367608 0.9795918367346147 0
0.1840909090905233 0.02040816326536586 0
0.1840909090905412 0.04081632653073108 0
0.1840909090905591 0.06122448979609563 0
0.184090909090577 0.0816326530614625 0
0.1840909090905949 0.1020408163268298 0
0.1840909090906128 0.1224489795921968 0
0.1840909090906306 0.1428571428575593 0
0.1840909090906486 0.1632653061229208 0
0.1840909090906665 0.1836734693882823 0
0.1840909090906844 0.2040816326536439 0
0.1840909090907023 0.2244897959190053 0
0.1840909090907202 0.2448979591843668 0
0.1840909090907381 0.2653061224497285 0
0.1840909090907561 0.2857142857150898 0
0.1840909090907739 0.3061224489804515 0
0.1840909090907918 0.326530612245813 0
0.1840909090908098 0.3469387755111745 0
0.1840909090908277 0.367346938776536 0
0.1840909090908456 0.3877551020418974 0
0.1840909090908634 0.4081632653072589 0
0.1840909090908813 0.4285714285726206 0
0.1840909090908993 0.448979591837982 0
0.1840909090909172 0.4693877551033434 0
0.1840909090909351 0.4897959183687048 0
0.184090909090953 0.5102040816339878 0
0.1840909090909709 0.5306122448991925 0
0.1840909090909888 0.5510204081643969 0
0.1840909090910067 0.5714285714296017 0
0.1840909090910247 0.591836734694806 0
0.1840909090910425 0.6122448979600105 0
0.1840909090910604 0.632653061225215 0
0.1840909090910784 0.6530612244904195 0
0.1840909090910962 0.6734693877556241 0
0.1840909090911141 0.6938775510208288 0
0.184090909091132 0.7142857142860333 0
0.1840909090911499 0.7346938775512377 0
0.1840909090911678 0.7551020408164424 0
0.1840909090911858 0.7755102040816468 0
0.1840909090912037 0.7959183673468511 0
0.1840909090912216 0.8163265306120557 0
0.1840909090912395 0.8367346938772602 0
0.1840909090912573 0.8571428571424646 0
0.1840909090912754 0.8775510204077032 0
0.1840909090912932 0.8979591836730764 0
0.1840909090913111 0.918367346938461 0
0.184090909091329 0.9387755102038458 0
0.1840909090913468 0.9591836734692307 0
0.1840909090913647 0.9795918367346155 0
0.2045454545450114 0.020408163265363 0
0.2045454545450315 0.04081632653072542 0
0.2045454545450516 0.06122448979608697 0
0.2045454545450716 0.08163265306145129 0
0.2045454545450918 0.1020408163268158 0
0.2045454545451119 0.1224489795921802 0
0.2045454545451319 0.1428571428575396 0
0.204545454545152 0.1632653061228978 0
0.2045454545451721 0.183673469388256 0
0.2045454545451922 0.2040816326536142 0
0.2045454545452123 0.2244897959189725 0
0.2045454545452324 0.2448979591843307 0
0.2045454545452524 0.2653061224496888 0
0.2045454545452725 0.2857142857150473 0
0.2045454545452927 0.3061224489804052 0
0.2045454545453126 0.3265306122457636 0
0.2045454545453328 0.3469387755111217 0
0.2045454545453529 0.36734693877648 0
0.2045454545453729 0.3877551020418382 0
0.204545454545393 0.4081632653071964 0
0.2045454545454131 0.4285714285725546 0
0.2045454545454332 0.4489795918379128 0
0.2045454545454534 0.4693877551032712 0
0.2045454545454735 0.4897959183686292 0
0.2045454545454936 0.5102040816339127 0
0.2045454545455136 0.5306122448991218 0
0.2045454545455337 0.5510204081643307 0
0.2045454545455538 0.57142857142954 0
0.2045454545455738 0.5918367346947487 0
0.2045454545455939 0.6122448979599576 0
0.2045454545456139 0.6326530612251668 0
0.2045454545456341 0.6530612244903757 0
0.2045454545456542 0.6734693877555844 0
0.2045454545456743 0.6938775510207938 0
0.2045454545456943 0.7142857142860024 0
0.2045454545457145 0.7346938775512114 0
0.2045454545457346 0.7551020408164206 0
0.2045454545457547 0.7755102040816295 0
0.2045454545457747 0.7959183673468382 0
0.2045454545457947 0.8163265306120473 0
0.2045454545458149 0.8367346938772561 0
0.2045454545458349 0.8571428571424651 0
0.2045454545458551 0.8775510204077072 0
0.204545454545875 0.8979591836730798 0
0.2045454545458952 0.9183673469384641 0
0.2045454545459153 0.9387755102038478 0
0.2045454545459355 0.9591836734692319 0
0.2045454545459555 0.9795918367346159 0
0.2249999999994995 0.02040816326536022 0
0.2249999999995216 0.04081632653071975 0
0.2249999999995439 0.06122448979607842 0
0.224999999999566 0.08163265306143994 0
0.2249999999995882 0.102040816326802 0
0.2249999999996105 0.1224489795921635 0
0.2249999999996325 0.1428571428575199 0
0.2249999999996548 0.1632653061228747 0
0.224999999999677 0.1836734693882296 0
0.2249999999996991 0.2040816326535846 0
0.2249999999997213 0.2244897959189395 0
0.2249999999997435 0.2448979591842944 0
0.2249999999997658 0.2653061224496493 0
0.2249999999997879 0.2857142857150044 0
0.2249999999998102 0.3061224489803594 0
0.2249999999998323 0.3265306122457142 0
0.2249999999998545 0.3469387755110691 0
0.2249999999998767 0.3673469387764241 0
0.2249999999998988 0.3877551020417789 0
0.224999999999921 0.4081632653071339 0
0.2249999999999432 0.4285714285724889 0
0.2249999999999654 0.4489795918378439 0
0.2249999999999877 0.4693877551031987 0
0.2250000000000097 0.4897959183685536 0
0.2250000000000319 0.5102040816338377 0
0.2250000000000542 0.5306122448990512 0
0.2250000000000764 0.5510204081642646 0
0.2250000000000986 0.5714285714294782 0
0.2250000000001207 0.5918367346946914 0
0.2250000000001428 0.6122448979599048 0
0.225000000000165 0.6326530612251184 0
0.2250000000001874 0.6530612244903317 0
0.2250000000002095 0.6734693877555451 0
0.2250000000002316 0.6938775510207587 0
0.2250000000002537 0.714285714285972 0
0.2250000000002761 0.7346938775511852 0
0.2250000000002982 0.7551020408163989 0
0.2250000000003204 0.775510204081612 0
0.2250000000003426 0.7959183673468253 0
0.2250000000003649 0.8163265306120389 0
0.225000000000387 0.8367346938772524 0
0.2250000000004092 0.8571428571424657 0
0.2250000000004314 0.8775510204077109 0
0.2250000000004535 0.8979591836730834 0
0.2250000000004757 0.9183673469384668 0
0.2250000000004979 0.93877551020385 0
0.2250000000005201 0.9591836734692334 0
0.2250000000005423 0.9795918367346167 0
0.245454545453988 0.02040816326535743 0
0.2454545454540127 0.04081632653071399 0
0.2454545454540375 0.06122448979606976 0
0.2454545454540622 0.08163265306142864 0
0.2454545454540869 0.102040816326788 0
0.2454545454541117 0.1224489795921468 0
0.2454545454541364 0.1428571428574999 0
0.2454545454541611 0.1632653061228516 0
0.2454545454541858 0.1836734693882032 0
0.2454545454542106 0.204081632653555 0
0.2454545454542353 0.2244897959189065 0
0.2454545454542599 0.2448979591842582 0
0.2454545454542847 0.2653061224496098 0
0.2454545454543096 0.2857142857149614 0
0.2454545454543341 0.3061224489803131 0
0.245454545454359 0.3265306122456649 0
0.2454545454543837 0.3469387755110164 0
0.2454545454544084 0.3673469387763681 0
0.2454545454544331 0.3877551020417198 0
0.2454545454544579 0.4081632653070715 0
0.2454545454544826 0.4285714285724231 0
0.2454545454545072 0.4489795918377749 0
0.245454545454532 0.4693877551031265 0
0.2454545454545568 0.4897959183684779 0
0.2454545454545815 0.5102040816337626 0
0.2454545454546063 0.5306122448989806 0
0.245454545454631 0.5510204081641984 0
0.2454545454546557 0.5714285714294165 0
0.2454545454546804 0.5918367346946342 0
0.2454545454547051 0.6122448979598519 0
0.2454545454547299 0.6326530612250698 0
0.2454545454547546 0.6530612244902877 0
0.2454545454547793 0.6734693877555055 0
0.245454545454804 0.6938775510207236 0
0.2454545454548288 0.7142857142859413 0
0.2454545454548535 0.734693877551159 0
0.2454545454548783 0.7551020408163769 0
0.2454545454549029 0.7755102040815947 0
0.2454545454549277 0.7959183673468126 0
0.2454545454549525 0.8163265306120304 0
0.2454545454549772 0.8367346938772482 0
0.2454545454550019 0.8571428571424662 0
0.2454545454550266 0.8775510204077149 0
0.2454545454550514 0.8979591836730869 0
0.2454545454550762 0.9183673469384694 0
0.2454545454551008 0.938775510203852 0
0.2454545454551255 0.9591836734692347 0
0.2454545454551504 0.9795918367346177 0
0.2659090909084761 0.02040816326535456 0
0.2659090909085029 0.04081632653070832 0
0.2659090909085297 0.06122448979606121 0
0.2659090909085566 0.08163265306141732 0
0.2659090909085833 0.1020408163267741 0
0.2659090909086101 0.1224489795921303 0
0.2659090909086371 0.1428571428574802 0
0.2659090909086638 0.1632653061228285 0
0.2659090909086906 0.1836734693881769 0
0.2659090909087176 0.2040816326535253 0
0.2659090909087443 0.2244897959188736 0
0.2659090909087711 0.244897959184222 0
0.2659090909087979 0.2653061224495705 0
0.2659090909088248 0.2857142857149189 0
0.2659090909088517 0.3061224489802672 0
0.2659090909088784 0.3265306122456155 0
0.2659090909089054 0.346938775510964 0
0.2659090909089321 0.3673469387763123 0
0.2659090909089591 0.3877551020416605 0
0.2659090909089858 0.4081632653070089 0
0.2659090909090127 0.4285714285723573 0
0.2659090909090395 0.4489795918377057 0
0.2659090909090663 0.4693877551030541 0
0.2659090909090932 0.4897959183684024 0
0.2659090909091199 0.5102040816336876 0
0.2659090909091468 0.5306122448989101 0
0.2659090909091736 0.5510204081641323 0
0.2659090909092005 0.5714285714293548 0
0.2659090909092273 0.5918367346945769 0
0.2659090909092541 0.6122448979597991 0
0.2659090909092811 0.6326530612250214 0
0.2659090909093076 0.6530612244902437 0
0.2659090909093343 0.6734693877554661 0
0.2659090909093614 0.6938775510206885 0
0.2659090909093882 0.7142857142859106 0
0.2659090909094151 0.7346938775511328 0
0.2659090909094418 0.755102040816355 0
0.2659090909094687 0.7755102040815773 0
0.2659090909094955 0.7959183673467998 0
0.2659090909095224 0.8163265306120221 0
0.2659090909095491 0.8367346938772441 0
0.265909090909576 0.8571428571424664 0
0.2659090909096029 0.877551020407719 0
0.2659090909096297 0.8979591836730906 0
0.2659090909096565 0.9183673469384723 0
0.2659090909096835 0.9387755102038542 0
0.26590909090971 0.9591836734692363 0
0.265909090909737 0.9795918367346181 0
0.2863636363629646 0.02040816326535178 0
0.2863636363629939 0.04081632653070266 0
0.2863636363630234 0.06122448979605255 0
0.2863636363630528 0.08163265306140599 0
0.286363636363082 0.1020408163267601 0
0.2863636363631115 0.1224489795921136 0
0.2863636363631409 0.1428571428574604 0
0.2863636363631702 0.1632653061228055 0
0.2863636363631996 0.1836734693881505 0
0.286363636363229 0.2040816326534957 0
0.2863636363632584 0.2244897959188408 0
0.2863636363632877 0.2448979591841858 0
0.2863636363633171 0.2653061224495311 0
0.2863636363633465 0.2857142857148761 0
0.2863636363633758 0.306122448980221 0
0.2863636363634052 0.326530612245566 0
0.2863636363634346 0.3469387755109112 0
0.2863636363634638 0.3673469387762562 0
0.2863636363634933 0.3877551020416011 0
0.2863636363635226 0.4081632653069465 0
0.286363636363552 0.4285714285722916 0
0.2863636363635814 0.4489795918376367 0
0.2863636363636107 0.4693877551029817 0
0.2863636363636402 0.4897959183683267 0
0.2863636363636696 0.5102040816336125 0
0.2863636363636989 0.5306122448988394 0
0.2863636363637282 0.5510204081640661 0
0.2863636363637576 0.571428571429293 0
0.286363636363787 0.5918367346945196 0
0.2863636363638163 0.6122448979597462 0
0.2863636363638458 0.6326530612249732 0
0.2863636363638751 0.6530612244901998 0
0.2863636363639045 0.6734693877554264 0
0.2863636363639338 0.6938775510206534 0
0.2863636363639633 0.7142857142858799 0
0.2863636363639926 0.7346938775511065 0
0.286363636364022 0.7551020408163334 0
0.2863636363640514 0.7755102040815602 0
0.2863636363640808 0.7959183673467869 0
0.2863636363641101 0.8163265306120135 0
0.2863636363641396 0.8367346938772402 0
0.2863636363641689 0.8571428571424669 0
0.2863636363641983 0.8775510204077228 0
0.2863636363642276 0.897959183673094 0
0.2863636363642569 0.9183673469384752 0
0.2863636363642863 0.9387755102038564 0
0.2863636363643158 0.9591836734692376 0
0.286363636364345 0.9795918367346189 0
0.3068181818174526 0.020408163265349 0
0.3068181818174842 0.040816326530697 0
0.3068181818175156 0.06122448979604389 0
0.3068181818175471 0.08163265306139469 0
0.3068181818175784 0.1020408163267461 0
0.3068181818176098 0.122448979592097 0
0.3068181818176414 0.1428571428574406 0
0.306818181817673 0.1632653061227824 0
0.3068181818177044 0.1836734693881241 0
0.306818181817736 0.204081632653466 0
0.3068181818177673 0.2244897959188077 0
0.3068181818177988 0.2448979591841496 0
0.3068181818178302 0.2653061224494915 0
0.3068181818178616 0.2857142857148331 0
0.3068181818178933 0.306122448980175 0
0.3068181818179248 0.3265306122455167 0
0.3068181818179562 0.3469387755108587 0
0.3068181818179878 0.3673469387762004 0
0.3068181818180192 0.3877551020415422 0
0.3068181818180505 0.408163265306884 0
0.3068181818180821 0.4285714285722257 0
0.3068181818181136 0.4489795918375676 0
0.306818181818145 0.4693877551029092 0
0.3068181818181764 0.4897959183682511 0
0.306818181818208 0.5102040816335376 0
0.3068181818182394 0.5306122448987688 0
0.3068181818182709 0.551020408164 0
0.3068181818183025 0.5714285714292313 0
0.3068181818183339 0.5918367346944623 0
0.3068181818183653 0.6122448979596934 0
0.3068181818183968 0.6326530612249246 0
0.3068181818184281 0.6530612244901559 0
0.3068181818184598 0.673469387755387 0
0.3068181818184911 0.6938775510206181 0
0.3068181818185227 0.7142857142858494 0
0.306818181818554 0.7346938775510804 0
0.3068181818185857 0.7551020408163116 0
0.3068181818186169 0.7755102040815429 0
0.3068181818186487 0.7959183673467738 0
0.3068181818186802 0.8163265306120051 0
0.3068181818187116 0.8367346938772362 0
0.3068181818187428 0.8571428571424673 0
0.3068181818187746 0.8775510204077268 0
0.3068181818188061 0.8979591836730976 0
0.3068181818188375 0.9183673469384779 0
0.3068181818188687 0.9387755102038584 0
0.3068181818189005 0.9591836734692389 0
0.3068181818189317 0.9795918367346195 0
0.3272727272719409 0.02040816326534621 0
0.3272727272719748 0.04081632653069132 0
0.3272727272720085 0.06122448979603533 0
0.3272727272720423 0.08163265306138334 0
0.327272727272076 0.1020408163267322 0
0.3272727272721097 0.1224489795920803 0
0.3272727272721436 0.1428571428574208 0
0.3272727272721772 0.1632653061227592 0
0.327272727272211 0.1836734693880978 0
0.327272727272245 0.2040816326534364 0
0.3272727272722785 0.2244897959187749 0
0.3272727272723124 0.2448979591841134 0
0.3272727272723462 0.265306122449452 0
0.32727272727238 0.2857142857147906 0
0.3272727272724136 0.3061224489801289 0
0.3272727272724475 0.3265306122454675 0
0.3272727272724812 0.3469387755108059 0
0.3272727272725151 0.3673469387761446 0
0.3272727272725487 0.3877551020414828 0
0.3272727272725826 0.4081632653068215 0
0.3272727272726164 0.42857142857216 0
0.3272727272726501 0.4489795918374985 0
0.3272727272726839 0.469387755102837 0
0.3272727272727177 0.4897959183681755 0
0.3272727272727515 0.5102040816334624 0
0.3272727272727852 0.5306122448986982 0
0.327272727272819 0.5510204081639337 0
0.3272727272728527 0.5714285714291696 0
0.3272727272728866 0.591836734694405 0
0.3272727272729203 0.6122448979596405 0
0.3272727272729541 0.6326530612248762 0
0.3272727272729879 0.6530612244901118 0
0.3272727272730218 0.6734693877553474 0
0.3272727272730555 0.6938775510205832 0
0.3272727272730892 0.7142857142858187 0
0.327272727273123 0.7346938775510542 0
0.3272727272731567 0.7551020408162898 0
0.3272727272731906 0.7755102040815254 0
0.3272727272732243 0.7959183673467611 0
0.327272727273258 0.8163265306119967 0
0.3272727272732918 0.8367346938772323 0
0.3272727272733255 0.8571428571424677 0
0.3272727272733594 0.8775510204077305 0
0.3272727272733932 0.8979591836731011 0
0.3272727272734269 0.918367346938481 0
0.3272727272734607 0.9387755102038606 0
0.3272727272734945 0.9591836734692405 0
0.3272727272735284 0.9795918367346201 0
0.3477272727264292 0.02040816326534336 0
0.3477272727264653 0.04081632653068558 0
0.3477272727265016 0.0612244897960267 0
0.3477272727265375 0.08163265306137205 0
0.3477272727265738 0.1020408163267182 0
0.3477272727266097 0.1224489795920637 0
0.3477272727266459 0.142857142857401 0
0.347727272726682 0.1632653061227362 0
0.347727272726718 0.1836734693880715 0
0.3477272727267545 0.2040816326534068 0
0.3477272727267904 0.2244897959187419 0
0.3477272727268265 0.2448979591840771 0
0.3477272727268627 0.2653061224494124 0
0.3477272727268988 0.2857142857147477 0
0.3477272727269348 0.3061224489800829 0
0.347727272726971 0.326530612245418 0
0.3477272727270071 0.3469387755107534 0
0.3477272727270431 0.3673469387760885 0
0.3477272727270794 0.3877551020414239 0
0.3477272727271153 0.4081632653067591 0
0.3477272727271516 0.4285714285720943 0
0.3477272727271876 0.4489795918374294 0
0.3477272727272238 0.4693877551027649 0
0.3477272727272598 0.4897959183680999 0
0.347727272727296 0.5102040816333876 0
0.3477272727273322 0.5306122448986276 0
0.3477272727273683 0.5510204081638674 0
0.3477272727274043 0.5714285714291079 0
0.3477272727274405 0.5918367346943478 0
0.3477272727274766 0.6122448979595876 0
0.3477272727275126 0.632653061224828 0
0.3477272727275488 0.6530612244900678 0
0.347727272727585 0.6734693877553078 0
0.3477272727276212 0.6938775510205482 0
0.3477272727276571 0.7142857142857879 0
0.3477272727276933 0.7346938775510279 0
0.3477272727277294 0.7551020408162683 0
0.3477272727277657 0.7755102040815083 0
0.3477272727278015 0.7959183673467483 0
0.3477272727278377 0.8163265306119883 0
0.347727272727874 0.8367346938772282 0
0.3477272727279101 0.8571428571424684 0
0.347727272727946 0.8775510204077344 0
0.3477272727279823 0.8979591836731048 0
0.3477272727280185 0.9183673469384834 0
0.3477272727280543 0.9387755102038629 0
0.3477272727280905 0.9591836734692418 0
0.3477272727281268 0.9795918367346211 0
0.3681818181809172 0.02040816326534057 0
0.3681818181809555 0.04081632653067992 0
0.3681818181809937 0.06122448979601804 0
0.368181818181032 0.08163265306136072 0
0.3681818181810702 0.1020408163267043 0
0.3681818181811083 0.1224489795920471 0
0.3681818181811465 0.1428571428573812 0
0.3681818181811848 0.1632653061227132 0
0.3681818181812229 0.1836734693880451 0
0.3681818181812612 0.2040816326533771 0
0.3681818181812993 0.2244897959187089 0
0.3681818181813377 0.2448979591840409 0
0.3681818181813759 0.2653061224493729 0
0.3681818181814142 0.2857142857147049 0
0.3681818181814522 0.3061224489800368 0
0.3681818181814906 0.3265306122453686 0
0.3681818181815288 0.3469387755107007 0
0.368181818181567 0.3673469387760326 0
0.3681818181816049 0.3877551020413645 0
0.3681818181816435 0.4081632653066964 0
0.3681818181816816 0.4285714285720283 0
0.3681818181817197 0.4489795918373605 0
0.3681818181817578 0.4693877551026924 0
0.3681818181817963 0.4897959183680242 0
0.3681818181818345 0.5102040816333123 0
0.3681818181818727 0.5306122448985571 0
0.3681818181819108 0.5510204081638014 0
0.3681818181819492 0.5714285714290461 0
0.3681818181819874 0.5918367346942904 0
0.3681818181820254 0.612244897959535 0
0.3681818181820637 0.6326530612247794 0
0.3681818181821018 0.6530612244900239 0
0.3681818181821401 0.6734693877552684 0
0.3681818181821785 0.6938775510205129 0
0.3681818181822165 0.7142857142857574 0
0.3681818181822546 0.7346938775510019 0
0.3681818181822931 0.7551020408162463 0
0.3681818181823311 0.7755102040814907 0
0.3681818181823694 0.7959183673467352 0
0.3681818181824077 0.8163265306119798 0
0.3681818181824458 0.8367346938772241 0
0.3681818181824841 0.8571428571424686 0
0.3681818181825222 0.8775510204077386 0
0.3681818181825604 0.8979591836731082 0
0.3681818181825986 0.9183673469384865 0
0.368181818182637 0.9387755102038648 0
0.3681818181826751 0.9591836734692432 0
0.3681818181827133 0.9795918367346217 0
0.3886363636354058 0.02040816326533778 0
0.3886363636354463 0.04081632653067425 0
0.3886363636354872 0.06122448979600946 0
0.3886363636355279 0.08163265306134948 0
0.3886363636355689 0.1020408163266903 0
0.3886363636356094 0.1224489795920305 0
0.3886363636356503 0.1428571428573614 0
0.3886363636356912 0.1632653061226901 0
0.3886363636357318 0.1836734693880188 0
0.3886363636357726 0.2040816326533474 0
0.3886363636358133 0.2244897959186761 0
0.3886363636358541 0.2448979591840047 0
0.388636363635895 0.2653061224493334 0
0.3886363636359356 0.2857142857146622 0
0.3886363636359764 0.3061224489799907 0
0.3886363636360172 0.3265306122453194 0
0.388636363636058 0.3469387755106481 0
0.3886363636360987 0.3673469387759766 0
0.3886363636361395 0.3877551020413053 0
0.3886363636361801 0.408163265306634 0
0.388636363636221 0.4285714285719627 0
0.3886363636362619 0.4489795918372915 0
0.3886363636363024 0.46938775510262 0
0.3886363636363432 0.4897959183679486 0
0.388636363636384 0.5102040816332373 0
0.3886363636364247 0.5306122448984864 0
0.3886363636364653 0.5510204081637352 0
0.3886363636365063 0.5714285714289844 0
0.388636363636547 0.5918367346942331 0
0.3886363636365878 0.612244897959482 0
0.3886363636366285 0.632653061224731 0
0.3886363636366691 0.6530612244899799 0
0.3886363636367101 0.6734693877552288 0
0.3886363636367508 0.693877551020478 0
0.3886363636367915 0.7142857142857267 0
0.3886363636368322 0.7346938775509756 0
0.388636363636873 0.7551020408162246 0
0.388636363636914 0.7755102040814734 0
0.3886363636369546 0.7959183673467225 0
0.3886363636369954 0.8163265306119714 0
0.3886363636370361 0.8367346938772201 0
0.3886363636370768 0.8571428571424693 0
0.3886363636371177 0.8775510204077425 0
0.3886363636371585 0.8979591836731118 0
0.3886363636371992 0.9183673469384894 0
0.3886363636372398 0.9387755102038671 0
0.3886363636372807 0.9591836734692447 0
0.3886363636373215 0.9795918367346225 0
0.409090909089894 0.02040816326533499 0
0.409090909089937 0.04081632653066856 0
0.4090909090899801 0.06122448979600081 0
0.4090909090900232 0.08163265306133813 0
0.4090909090900663 0.1020408163266764 0
0.4090909090901091 0.1224489795920138 0
0.4090909090901522 0.1428571428573416 0
0.4090909090901954 0.163265306122667 0
0.4090909090902383 0.1836734693879924 0
0.4090909090902812 0.2040816326533178 0
0.4090909090903244 0.2244897959186432 0
0.4090909090903676 0.2448979591839685 0
0.4090909090904105 0.2653061224492939 0
0.4090909090904538 0.2857142857146194 0
0.4090909090904967 0.3061224489799448 0
0.4090909090905397 0.3265306122452701 0
0.4090909090905826 0.3469387755105955 0
0.4090909090906256 0.3673469387759207 0
0.4090909090906689 0.3877551020412459 0
0.4090909090907117 0.4081632653065715 0
0.4090909090907549 0.4285714285718969 0
0.4090909090907978 0.4489795918372224 0
0.4090909090908409 0.4693877551025477 0
0.409090909090884 0.489795918367873 0
0.409090909090927 0.5102040816331622 0
0.40909090909097 0.5306122448984157 0
0.409090909091013 0.551020408163669 0
0.4090909090910561 0.5714285714289227 0
0.4090909090910992 0.5918367346941759 0
0.4090909090911423 0.6122448979594292 0
0.4090909090911851 0.6326530612246826 0
0.4090909090912283 0.653061224489936 0
0.4090909090912712 0.6734693877551893 0
0.4090909090913142 0.6938775510204429 0
0.4090909090913573 0.7142857142856961 0
0.4090909090914003 0.7346938775509494 0
0.4090909090914434 0.7551020408162028 0
0.4090909090914865 0.7755102040814561 0
0.4090909090915295 0.7959183673467096 0
0.4090909090915725 0.8163265306119629 0
0.4090909090916156 0.8367346938772161 0
0.4090909090916585 0.8571428571424697 0
0.4090909090917017 0.8775510204077462 0
0.4090909090917447 0.8979591836731153 0
0.4090909090917878 0.9183673469384921 0
0.4090909090918308 0.9387755102038691 0
0.4090909090918738 0.959183673469246 0
0.4090909090919168 0.9795918367346229 0
0.4295454545443824 0.02040816326533213 0
0.4295454545444273 0.04081632653066283 0
0.4295454545444725 0.06122448979599217 0
0.4295454545445179 0.08163265306132683 0
0.4295454545445629 0.1020408163266624 0
0.4295454545446081 0.1224489795919972 0
0.4295454545446532 0.1428571428573219 0
0.4295454545446984 0.1632653061226439 0
0.4295454545447434 0.1836734693879661 0
0.4295454545447887 0.2040816326532882 0
0.4295454545448339 0.2244897959186102 0
0.4295454545448791 0.2448979591839322 0
0.4295454545449243 0.2653061224492543 0
0.4295454545449695 0.2857142857145765 0
0.4295454545450149 0.3061224489798987 0
0.4295454545450597 0.3265306122452208 0
0.429545454545105 0.3469387755105429 0
0.4295454545451501 0.3673469387758647 0
0.4295454545451952 0.3877551020411868 0
0.4295454545452406 0.408163265306509 0
0.4295454545452857 0.4285714285718312 0
0.4295454545453309 0.4489795918371534 0
0.429545454545376 0.4693877551024753 0
0.4295454545454213 0.4897959183677973 0
0.4295454545454664 0.5102040816330872 0
0.4295454545455116 0.5306122448983451 0
0.4295454545455568 0.5510204081636029 0
0.4295454545456021 0.5714285714288609 0
0.4295454545456471 0.5918367346941186 0
0.4295454545456923 0.6122448979593763 0
0.4295454545457374 0.6326530612246342 0
0.4295454545457826 0.653061224489892 0
0.4295454545458277 0.6734693877551498 0
0.429545454545873 0.6938775510204078 0
0.4295454545459181 0.7142857142856655 0
0.4295454545459633 0.7346938775509232 0
0.4295454545460084 0.755102040816181 0
0.4295454545460536 0.7755102040814388 0
0.4295454545460988 0.7959183673466967 0
0.4295454545461438 0.8163265306119545 0
0.4295454545461892 0.8367346938772121 0
0.4295454545462344 0.8571428571424702 0
0.4295454545462795 0.8775510204077502 0
0.4295454545463247 0.8979591836731189 0
0.4295454545463698 0.918367346938495 0
0.4295454545464152 0.9387755102038711 0
0.4295454545464603 0.9591836734692476 0
0.4295454545465054 0.9795918367346239 0
0.4499999999988701 0.02040816326532935 0
0.4499999999989176 0.04081632653065716 0
0.4499999999989647 0.06122448979598358 0
0.4499999999990121 0.08163265306131551 0
0.4499999999990594 0.1020408163266485 0
0.4499999999991068 0.1224489795919806 0
0.4499999999991541 0.142857142857302 0
0.4499999999992013 0.1632653061226208 0
0.4499999999992483 0.1836734693879396 0
0.4499999999992958 0.2040816326532585 0
0.449999999999343 0.2244897959185773 0
0.4499999999993902 0.2448979591838961 0
0.4499999999994376 0.2653061224492149 0
0.4499999999994848 0.2857142857145339 0
0.4499999999995322 0.3061224489798527 0
0.4499999999995795 0.3265306122451712 0
0.4499999999996267 0.3469387755104901 0
0.449999999999674 0.3673469387758089 0
0.4499999999997213 0.3877551020411277 0
0.4499999999997685 0.4081632653064465 0
0.4499999999998159 0.4285714285717653 0
0.4499999999998632 0.4489795918370842 0
0.4499999999999102 0.4693877551024029 0
0.4499999999999577 0.4897959183677217 0
0.4500000000000049 0.5102040816330121 0
0.4500000000000522 0.5306122448982746 0
0.4500000000000994 0.5510204081635368 0
0.4500000000001465 0.5714285714287992 0
0.4500000000001941 0.5918367346940614 0
0.4500000000002412 0.6122448979593235 0
0.4500000000002884 0.6326530612245858 0
0.450000000000336 0.6530612244898482 0
0.4500000000003831 0.6734693877551102 0
0.4500000000004303 0.6938775510203725 0
0.4500000000004776 0.7142857142856348 0
0.450000000000525 0.7346938775508971 0
0.4500000000005722 0.7551020408161593 0
0.4500000000006193 0.7755102040814215 0
0.4500000000006668 0.7959183673466836 0
0.4500000000007141 0.816326530611946 0
0.4500000000007611 0.8367346938772082 0
0.4500000000008087 0.8571428571424704 0
0.4500000000008559 0.8775510204077541 0
0.450000000000903 0.8979591836731224 0
0.4500000000009504 0.9183673469384979 0
0.4500000000009977 0.9387755102038733 0
0.450000000001045 0.9591836734692489 0
0.4500000000010921 0.9795918367346244 0
0.4704545454534585 0.02040816326532656 0
0.4704545454535039 0.04081632653065147 0
0.4704545454535489 0.06122448979597495 0
0.4704545454535941 0.08163265306130421 0
0.4704545454536391 0.1020408163266346 0
0.4704545454536844 0.1224489795919639 0
0.4704545454537294 0.1428571428572822 0
0.4704545454537744 0.1632653061225977 0
0.4704545454538194 0.1836734693879133 0
0.4704545454538647 0.2040816326532289 0
0.4704545454539099 0.2244897959185443 0
0.4704545454539547 0.2448979591838599 0
0.4704545454540001 0.2653061224491756 0
0.4704545454540451 0.285714285714491 0
0.4704545454540903 0.3061224489798065 0
0.4704545454541352 0.326530612245122 0
0.4704545454541805 0.3469387755104373 0
0.4704545454542254 0.3673469387757531 0
0.4704545454542705 0.3877551020410683 0
0.4704545454543158 0.408163265306384 0
0.4704545454543607 0.4285714285716996 0
0.4704545454544058 0.4489795918370152 0
0.4704545454544511 0.4693877551023307 0
0.4704545454544962 0.4897959183676461 0
0.4704545454545411 0.5102040816329371 0
0.4704545454545863 0.5306122448982039 0
0.4704545454546315 0.5510204081634705 0
0.4704545454546765 0.5714285714287375 0
0.4704545454547214 0.591836734694004 0
0.4704545454547667 0.6122448979592706 0
0.4704545454548119 0.6326530612245373 0
0.4704545454548569 0.6530612244898041 0
0.4704545454549021 0.6734693877550707 0
0.470454545454947 0.6938775510203377 0
0.4704545454549923 0.7142857142856042 0
0.4704545454550373 0.7346938775508708 0
0.4704545454550825 0.7551020408161375 0
0.4704545454551277 0.7755102040814041 0
0.4704545454551726 0.795918367346671 0
0.4704545454552178 0.8163265306119376 0
0.4704545454552631 0.8367346938772041 0
0.470454545455308 0.8571428571424711 0
0.4704545454553531 0.877551020407758 0
0.4704545454553983 0.897959183673126 0
0.4704545454554434 0.9183673469385008 0
0.4704545454554884 0.9387755102038755 0
0.4704545454555336 0.9591836734692503 0
0.4704545454555785 0.9795918367346251 0
0.4909090909080488 0.02040816326532372 0
0.4909090909080917 0.04081632653064583 0
0.4909090909081347 0.0612244897959663 0
0.4909090909081776 0.08163265306129294 0
0.4909090909082206 0.1020408163266206 0
0.4909090909082633 0.1224489795919473 0
0.4909090909083062 0.1428571428572624 0
0.4909090909083492 0.1632653061225748 0
0.4909090909083921 0.183673469387887 0
0.4909090909084351 0.2040816326531992 0
0.4909090909084781 0.2244897959185114 0
0.4909090909085208 0.2448979591838236 0
0.4909090909085639 0.265306122449136 0
0.4909090909086065 0.2857142857144482 0
0.4909090909086495 0.3061224489797605 0
0.4909090909086923 0.3265306122450727 0
0.4909090909087353 0.3469387755103848 0
0.4909090909087783 0.3673469387756971 0
0.4909090909088211 0.3877551020410092 0
0.4909090909088639 0.4081632653063215 0
0.4909090909089071 0.4285714285716338 0
0.49090909090895 0.4489795918369462 0
0.4909090909089927 0.4693877551022583 0
0.4909090909090356 0.4897959183675704 0
0.4909090909090785 0.5102040816328622 0
0.4909090909091214 0.5306122448981333 0
0.4909090909091643 0.5510204081634044 0
0.4909090909092073 0.5714285714286758 0
0.4909090909092501 0.5918367346939467 0
0.490909090909293 0.6122448979592178 0
0.4909090909093357 0.6326530612244889 0
0.4909090909093787 0.6530612244897601 0
0.4909090909094216 0.6734693877550312 0
0.4909090909094646 0.6938775510203026 0
0.4909090909095076 0.7142857142855735 0
0.4909090909095504 0.7346938775508446 0
0.4909090909095934 0.7551020408161158 0
0.4909090909096361 0.7755102040813868 0
0.4909090909096791 0.7959183673466581 0
0.490909090909722 0.8163265306119292 0
0.4909090909097649 0.8367346938772001 0
0.4909090909098079 0.8571428571424715 0
0.4909090909098508 0.877551020407762 0
0.4909090909098935 0.8979591836731295 0
0.4909090909099366 0.9183673469385034 0
0.4909090909099795 0.9387755102038777 0
0.4909090909100222 0.9591836734692518 0
0.4909090909100651 0.9795918367346259 0
0.5113636363626454 0.02040816326532093 0
0.5113636363626854 0.04081632653064014 0
0.5113636363627255 0.06122448979595772 0
0.5113636363627654 0.08163265306128162 0
0.5113636363628056 0.1020408163266067 0
0.5113636363628455 0.1224489795919307 0
0.5113636363628855 0.1428571428572426 0
0.5113636363629255 0.1632653061225517 0
0.5113636363629654 0.1836734693878606 0
0.5113636363630056 0.2040816326531696 0
0.5113636363630456 0.2244897959184785 0
0.5113636363630856 0.2448979591837874 0
0.5113636363631255 0.2653061224490965 0
0.5113636363631655 0.2857142857144053 0
0.5113636363632057 0.3061224489797142 0
0.5113636363632454 0.3265306122450234 0
0.5113636363632856 0.3469387755103321 0
0.5113636363633256 0.3673469387756412 0
0.5113636363633656 0.3877551020409499 0
0.5113636363634055 0.408163265306259 0
0.5113636363634458 0.428571428571568 0
0.5113636363634857 0.448979591836877 0
0.5113636363635257 0.4693877551021859 0
0.5113636363635656 0.4897959183674949 0
0.5113636363636056 0.510204081632787 0
0.5113636363636457 0.5306122448980627 0
0.5113636363636858 0.5510204081633382 0
0.5113636363637257 0.571428571428614 0
0.5113636363637656 0.5918367346938894 0
0.5113636363638058 0.6122448979591649 0
0.5113636363638455 0.6326530612244405 0
0.5113636363638857 0.6530612244897162 0
0.5113636363639257 0.6734693877549917 0
0.5113636363639655 0.6938775510202675 0
0.5113636363640056 0.7142857142855429 0
0.5113636363640456 0.7346938775508184 0
0.5113636363640855 0.755102040816094 0
0.5113636363641257 0.7755102040813695 0
0.5113636363641657 0.7959183673466452 0
0.5113636363642057 0.8163265306119207 0
0.5113636363642459 0.8367346938771961 0
0.5113636363642857 0.857142857142472 0
0.5113636363643258 0.877551020407766 0
0.5113636363643657 0.8979591836731331 0
0.5113636363644057 0.9183673469385063 0
0.5113636363644456 0.9387755102038797 0
0.5113636363644858 0.9591836734692532 0
0.5113636363645258 0.9795918367346264 0
0.5318181818172549 0.02040816326531813 0
0.5318181818172922 0.04081632653063442 0
0.5318181818173292 0.06122448979594909 0
0.5318181818173662 0.08163265306127029 0
0.5318181818174033 0.1020408163265927 0
0.5318181818174403 0.122448979591914 0
0.5318181818174775 0.1428571428572228 0
0.5318181818175147 0.1632653061225286 0
0.5318181818175519 0.1836734693878343 0
0.5318181818175889 0.2040816326531399 0
0.531818181817626 0.2244897959184455 0
0.5318181818176632 0.2448979591837512 0
0.5318181818177001 0.2653061224490569 0
0.5318181818177377 0.2857142857143626 0
0.5318181818177746 0.3061224489796684 0
0.5318181818178115 0.3265306122449739 0
0.5318181818178487 0.3469387755102796 0
0.5318181818178858 0.3673469387755853 0
0.5318181818179227 0.387755102040891 0
0.5318181818179599 0.4081632653061966 0
0.5318181818179971 0.4285714285715023 0
0.5318181818180343 0.448979591836808 0
0.5318181818180716 0.4693877551021136 0
0.5318181818181085 0.4897959183674192 0
0.5318181818181456 0.5102040816327121 0
0.5318181818181825 0.5306122448979921 0
0.5318181818182197 0.551020408163272 0
0.5318181818182569 0.5714285714285523 0
0.5318181818182941 0.5918367346938321 0
0.5318181818183311 0.6122448979591121 0
0.5318181818183683 0.6326530612243921 0
0.5318181818184053 0.6530612244896722 0
0.5318181818184425 0.6734693877549521 0
0.5318181818184795 0.6938775510202324 0
0.5318181818185168 0.7142857142855122 0
0.5318181818185539 0.7346938775507922 0
0.5318181818185906 0.7551020408160722 0
0.5318181818186282 0.7755102040813522 0
0.5318181818186651 0.7959183673466323 0
0.5318181818187023 0.8163265306119123 0
0.5318181818187393 0.8367346938771923 0
0.5318181818187765 0.8571428571424724 0
0.5318181818188137 0.8775510204077694 0
0.5318181818188508 0.8979591836731367 0
0.531818181818888 0.9183673469385092 0
0.5318181818189249 0.9387755102038819 0
0.5318181818189621 0.9591836734692547 0
0.5318181818189991 0.9795918367346272 0
0.5522727272718426 0.02040816326531534 0
0.5522727272718768 0.04081632653062873 0
0.5522727272719113 0.06122448979594045 0
0.5522727272719459 0.08163265306125897 0
0.5522727272719802 0.1020408163265787 0
0.5522727272720148 0.1224489795918974 0
0.5522727272720491 0.1428571428572031 0
0.5522727272720838 0.1632653061225055 0
0.552272727272118 0.1836734693878078 0
0.5522727272721526 0.2040816326531102 0
0.5522727272721869 0.2244897959184126 0
0.5522727272722214 0.244897959183715 0
0.5522727272722557 0.2653061224490175 0
0.5522727272722903 0.2857142857143198 0
0.5522727272723246 0.3061224489796221 0
0.5522727272723591 0.3265306122449246 0
0.5522727272723934 0.3469387755102268 0
0.5522727272724278 0.3673469387755292 0
0.5522727272724622 0.3877551020408317 0
0.5522727272724967 0.4081632653061341 0
0.5522727272725311 0.4285714285714365 0
0.5522727272725656 0.4489795918367389 0
0.5522727272726 0.4693877551020412 0
0.5522727272726344 0.4897959183673436 0
0.5522727272726687 0.5102040816326369 0
0.5522727272727029 0.5306122448979215 0
0.5522727272727377 0.5510204081632059 0
0.5522727272727721 0.5714285714284906 0
0.5522727272728063 0.5918367346937748 0
0.5522727272728408 0.6122448979590592 0
0.5522727272728754 0.6326530612243437 0
0.5522727272729098 0.6530612244896282 0
0.5522727272729442 0.6734693877549126 0
0.5522727272729785 0.6938775510201973 0
0.5522727272730129 0.7142857142854816 0
0.5522727272730474 0.734693877550766 0
0.5522727272730819 0.7551020408160505 0
0.5522727272731162 0.7755102040813349 0
0.5522727272731508 0.7959183673466195 0
0.5522727272731851 0.8163265306119039 0
0.5522727272732196 0.8367346938771882 0
0.552272727273254 0.8571428571424728 0
0.5522727272732885 0.8775510204077737 0
0.5522727272733227 0.89795918367314 0
0.5522727272733572 0.9183673469385121 0
0.5522727272733917 0.9387755102038839 0
0.5522727272734259 0.959183673469256 0
0.5522727272734603 0.9795918367346277 0
0.572727272726443 0.0204081632653125 0
0.5727272727264752 0.04081632653062305 0
0.5727272727265074 0.06122448979593186 0
0.5727272727265396 0.0816326530612477 0
0.5727272727265718 0.1020408163265648 0
0.5727272727266042 0.1224489795918808 0
0.5727272727266367 0.1428571428571833 0
0.5727272727266688 0.1632653061224823 0
0.572727272726701 0.1836734693877815 0
0.5727272727267334 0.2040816326530806 0
0.5727272727267654 0.2244897959183796 0
0.5727272727267976 0.2448979591836788 0
0.5727272727268298 0.2653061224489778 0
0.5727272727268622 0.285714285714277 0
0.5727272727268945 0.3061224489795761 0
0.5727272727269268 0.3265306122448752 0
0.572727272726959 0.3469387755101742 0
0.5727272727269912 0.3673469387754734 0
0.5727272727270232 0.3877551020407724 0
0.5727272727270559 0.4081632653060716 0
0.5727272727270879 0.4285714285713708 0
0.5727272727271202 0.4489795918366699 0
0.5727272727271524 0.4693877551019688 0
0.5727272727271846 0.489795918367268 0
0.572727272727217 0.510204081632562 0
0.5727272727272492 0.5306122448978509 0
0.5727272727272815 0.5510204081631397 0
0.5727272727273137 0.5714285714284288 0
0.572727272727346 0.5918367346937176 0
0.5727272727273782 0.6122448979590064 0
0.5727272727274104 0.6326530612242953 0
0.5727272727274428 0.6530612244895843 0
0.5727272727274749 0.6734693877548731 0
0.572727272727507 0.6938775510201622 0
0.5727272727275395 0.714285714285451 0
0.5727272727275716 0.7346938775507398 0
0.5727272727276038 0.7551020408160287 0
0.5727272727276362 0.7755102040813175 0
0.5727272727276684 0.7959183673466066 0
0.5727272727277006 0.8163265306118954 0
0.5727272727277329 0.8367346938771842 0
0.5727272727277654 0.8571428571424733 0
0.5727272727277974 0.8775510204077774 0
0.5727272727278295 0.8979591836731435 0
0.5727272727278619 0.918367346938515 0
0.5727272727278944 0.9387755102038862 0
0.5727272727279265 0.9591836734692574 0
0.5727272727279588 0.9795918367346287 0
0.5931818181810404 0.0204081632653097 0
0.5931818181810689 0.04081632653061738 0
0.5931818181810982 0.06122448979592322 0
0.5931818181811269 0.08163265306123638 0
0.5931818181811561 0.1020408163265508 0
0.593181818181185 0.1224489795918642 0
0.5931818181812143 0.1428571428571635 0
0.5931818181812433 0.1632653061224593 0
0.5931818181812725 0.1836734693877551 0
0.593181818181301 0.204081632653051 0
0.5931818181813301 0.2244897959183468 0
0.5931818181813591 0.2448979591836425 0
0.5931818181813882 0.2653061224489384 0
0.5931818181814172 0.2857142857142344 0
0.5931818181814461 0.3061224489795299 0
0.5931818181814751 0.3265306122448259 0
0.5931818181815041 0.3469387755101217 0
0.5931818181815331 0.3673469387754173 0
0.5931818181815622 0.3877551020407134 0
0.5931818181815911 0.4081632653060091 0
0.59318181818162 0.4285714285713049 0
0.5931818181816491 0.4489795918366007 0
0.5931818181816781 0.4693877551018966 0
0.593181818181707 0.4897959183671924 0
0.5931818181817359 0.510204081632487 0
0.593181818181765 0.5306122448977802 0
0.5931818181817938 0.5510204081630735 0
0.5931818181818229 0.5714285714283671 0
0.5931818181818518 0.5918367346936603 0
0.5931818181818809 0.6122448979589535 0
0.59318181818191 0.6326530612242469 0
0.5931818181819388 0.6530612244895403 0
0.5931818181819679 0.6734693877548336 0
0.5931818181819968 0.6938775510201272 0
0.5931818181820258 0.7142857142854203 0
0.593181818182055 0.7346938775507136 0
0.5931818181820838 0.755102040816007 0
0.5931818181821129 0.7755102040813002 0
0.5931818181821417 0.7959183673465935 0
0.5931818181821709 0.816326530611887 0
0.5931818181821998 0.8367346938771802 0
0.5931818181822288 0.8571428571424737 0
0.5931818181822579 0.8775510204077817 0
0.5931818181822867 0.8979591836731471 0
0.5931818181823157 0.9183673469385176 0
0.5931818181823448 0.9387755102038882 0
0.5931818181823739 0.9591836734692589 0
0.5931818181824026 0.9795918367346294 0
0.6136363636356288 0.02040816326530691 0
0.613636363635656 0.0408163265306117 0
0.6136363636356832 0.06122448979591462 0
0.6136363636357102 0.08163265306122505 0
0.6136363636357371 0.1020408163265369 0
0.6136363636357645 0.1224489795918475 0
0.6136363636357918 0.1428571428571437 0
0.6136363636358189 0.1632653061224361 0
0.6136363636358461 0.1836734693877288 0
0.613636363635873 0.2040816326530213 0
0.6136363636359002 0.2244897959183138 0
0.6136363636359276 0.2448979591836063 0
0.6136363636359546 0.2653061224488989 0
0.6136363636359818 0.2857142857141914 0
0.613636363636009 0.306122448979484 0
0.613636363636036 0.3265306122447764 0
0.6136363636360631 0.3469387755100691 0
0.6136363636360905 0.3673469387753616 0
0.6136363636361175 0.387755102040654 0
0.6136363636361446 0.4081632653059466 0
0.6136363636361719 0.4285714285712392 0
0.613636363636199 0.4489795918365317 0
0.6136363636362261 0.4693877551018242 0
0.6136363636362532 0.4897959183671168 0
0.6136363636362803 0.5102040816324117 0
0.6136363636363078 0.5306122448977096 0
0.6136363636363347 0.5510204081630073 0
0.6136363636363615 0.5714285714283054 0
0.6136363636363888 0.591836734693603 0
0.6136363636364159 0.6122448979589007 0
0.6136363636364431 0.6326530612241985 0
0.6136363636364703 0.6530612244894963 0
0.6136363636364975 0.673469387754794 0
0.6136363636365245 0.6938775510200921 0
0.6136363636365518 0.7142857142853897 0
0.613636363636579 0.7346938775506874 0
0.6136363636366062 0.7551020408159852 0
0.6136363636366332 0.7755102040812829 0
0.6136363636366606 0.7959183673465808 0
0.6136363636366873 0.8163265306118785 0
0.6136363636367147 0.8367346938771762 0
0.6136363636367419 0.8571428571424742 0
0.6136363636367688 0.8775510204077855 0
0.6136363636367961 0.8979591836731509 0
0.6136363636368234 0.9183673469385205 0
0.6136363636368506 0.9387755102038904 0
0.6136363636368776 0.9591836734692603 0
0.6136363636369048 0.97959183673463 0
0.6340909090902379 0.02040816326530412 0
0.6340909090902617 0.040816326530606 0
0.6340909090902852 0.06122448979590599 0
0.6340909090903093 0.08163265306121376 0
0.6340909090903334 0.102040816326523 0
0.634090909090357 0.1224489795918309 0
0.634090909090381 0.1428571428571239 0
0.6340909090904049 0.1632653061224132 0
0.6340909090904285 0.1836734693877023 0
0.6340909090904525 0.2040816326529916 0
0.6340909090904765 0.2244897959182809 0
0.6340909090904998 0.2448979591835701 0
0.6340909090905239 0.2653061224488593 0
0.634090909090548 0.2857142857141485 0
0.6340909090905718 0.3061224489794379 0
0.6340909090905954 0.3265306122447272 0
0.6340909090906196 0.3469387755100165 0
0.6340909090906431 0.3673469387753057 0
0.6340909090906671 0.3877551020405948 0
0.6340909090906908 0.4081632653058841 0
0.6340909090907147 0.4285714285711734 0
0.6340909090907387 0.4489795918364627 0
0.6340909090907625 0.4693877551017519 0
0.6340909090907865 0.4897959183670411 0
0.6340909090908102 0.5102040816323367 0
0.634090909090834 0.530612244897639 0
0.634090909090858 0.5510204081629412 0
0.6340909090908817 0.5714285714282437 0
0.6340909090909057 0.5918367346935457 0
0.6340909090909295 0.6122448979588478 0
0.6340909090909533 0.6326530612241501 0
0.6340909090909771 0.6530612244894524 0
0.6340909090910011 0.6734693877547545 0
0.6340909090910248 0.693877551020057 0
0.6340909090910487 0.714285714285359 0
0.6340909090910725 0.7346938775506612 0
0.6340909090910964 0.7551020408159634 0
0.6340909090911205 0.7755102040812656 0
0.634090909091144 0.795918367346568 0
0.6340909090911678 0.8163265306118701 0
0.6340909090911919 0.8367346938771723 0
0.6340909090912155 0.8571428571424746 0
0.6340909090912394 0.8775510204077893 0
0.6340909090912633 0.8979591836731542 0
0.6340909090912868 0.9183673469385234 0
0.6340909090913108 0.9387755102038924 0
0.6340909090913348 0.9591836734692618 0
0.6340909090913586 0.979591836734631 0
0.6545454545448263 0.02040816326530128 0
0.6545454545448476 0.04081632653060031 0
0.6545454545448691 0.06122448979589735 0
0.6545454545448909 0.08163265306120246 0
0.6545454545449125 0.102040816326509 0
0.6545454545449343 0.1224489795918142 0
0.6545454545449557 0.1428571428571041 0
0.6545454545449773 0.1632653061223901 0
0.6545454545449987 0.1836734693876761 0
0.6545454545450204 0.204081632652962 0
0.6545454545450422 0.224489795918248 0
0.6545454545450637 0.2448979591835339 0
0.6545454545450853 0.26530612244882 0
0.6545454545451067 0.2857142857141059 0
0.6545454545451284 0.3061224489793918 0
0.6545454545451505 0.3265306122446779 0
0.6545454545451717 0.3469387755099638 0
0.6545454545451934 0.3673469387752498 0
0.6545454545452146 0.3877551020405356 0
0.6545454545452367 0.4081632653058216 0
0.6545454545452583 0.4285714285711076 0
0.6545454545452798 0.4489795918363937 0
0.6545454545453016 0.4693877551016795 0
0.6545454545453229 0.4897959183669656 0
0.6545454545453444 0.5102040816322618 0
0.6545454545453664 0.5306122448975684 0
0.6545454545453877 0.551020408162875 0
0.6545454545454095 0.5714285714281819 0
0.6545454545454309 0.5918367346934884 0
0.6545454545454525 0.612244897958795 0
0.6545454545454743 0.6326530612241017 0
0.6545454545454958 0.6530612244894084 0
0.6545454545455174 0.673469387754715 0
0.654545454545539 0.6938775510200219 0
0.6545454545455605 0.7142857142853285 0
0.6545454545455822 0.7346938775506351 0
0.6545454545456038 0.7551020408159417 0
0.6545454545456253 0.7755102040812485 0
0.6545454545456471 0.7959183673465549 0
0.6545454545456685 0.8163265306118617 0
0.6545454545456901 0.8367346938771681 0
0.6545454545457117 0.8571428571424751 0
0.6545454545457331 0.877551020407793 0
0.6545454545457549 0.8979591836731577 0
0.6545454545457764 0.9183673469385263 0
0.654545454545798 0.9387755102038946 0
0.6545454545458196 0.9591836734692631 0
0.6545454545458413 0.9795918367346315 0
0.6749999999994371 0.02040816326529848 0
0.6749999999994568 0.04081632653059463 0
0.6749999999994768 0.06122448979588872 0
0.6749999999994966 0.08163265306119113 0
0.6749999999995163 0.1020408163264951 0
0.674999999999536 0.1224489795917976 0
0.6749999999995561 0.1428571428570843 0
0.6749999999995757 0.163265306122367 0
0.6749999999995955 0.1836734693876496 0
0.6749999999996156 0.2040816326529323 0
0.6749999999996357 0.224489795918215 0
0.6749999999996554 0.2448979591834977 0
0.6749999999996753 0.2653061224487805 0
0.6749999999996951 0.2857142857140632 0
0.6749999999997149 0.3061224489793457 0
0.6749999999997348 0.3265306122446285 0
0.6749999999997545 0.3469387755099111 0
0.6749999999997744 0.3673469387751938 0
0.6749999999997947 0.3877551020404763 0
0.6749999999998142 0.4081632653057592 0
0.6749999999998342 0.4285714285710418 0
0.6749999999998539 0.4489795918363246 0
0.6749999999998739 0.4693877551016071 0
0.6749999999998937 0.4897959183668898 0
0.6749999999999137 0.5102040816321868 0
0.6749999999999334 0.5306122448974978 0
0.6749999999999534 0.5510204081628088 0
0.6749999999999732 0.5714285714281202 0
0.6749999999999932 0.5918367346934311 0
0.6750000000000134 0.6122448979587422 0
0.6750000000000328 0.6326530612240533 0
0.6750000000000528 0.6530612244893644 0
0.6750000000000724 0.6734693877546755 0
0.6750000000000923 0.6938775510199868 0
0.6750000000001123 0.7142857142852977 0
0.6750000000001323 0.7346938775506087 0
0.6750000000001519 0.7551020408159199 0
0.675000000000172 0.7755102040812309 0
0.675000000000192 0.795918367346542 0
0.6750000000002117 0.8163265306118532 0
0.6750000000002314 0.8367346938771644 0
0.6750000000002514 0.8571428571424755 0
0.6750000000002713 0.8775510204077971 0
0.6750000000002911 0.8979591836731615 0
0.6750000000003108 0.918367346938529 0
0.6750000000003311 0.9387755102038966 0
0.6750000000003509 0.9591836734692645 0
0.6750000000003706 0.9795918367346323 0
0.6954545454540249 0.02040816326529568 0
0.6954545454540417 0.04081632653058895 0
0.6954545454540596 0.06122448979588012 0
0.6954545454540766 0.08163265306117981 0
0.695454545454094 0.1020408163264811 0
0.695454545454111 0.122448979591781 0
0.6954545454541288 0.1428571428570646 0
0.6954545454541458 0.1632653061223439 0
0.695454545454163 0.1836734693876233 0
0.69545454545418 0.2040816326529027 0
0.6954545454541973 0.2244897959181821 0
0.6954545454542145 0.2448979591834615 0
0.695454545454232 0.2653061224487409 0
0.6954545454542495 0.2857142857140202 0
0.6954545454542663 0.3061224489792998 0
0.6954545454542838 0.326530612244579 0
0.695454545454301 0.3469387755098585 0
0.6954545454543182 0.3673469387751379 0
0.6954545454543355 0.3877551020404171 0
0.6954545454543526 0.4081632653056966 0
0.6954545454543701 0.4285714285709761 0
0.6954545454543873 0.4489795918362555 0
0.6954545454544043 0.4693877551015349 0
0.6954545454544218 0.4897959183668142 0
0.695454545454439 0.5102040816321117 0
0.6954545454544563 0.5306122448974272 0
0.6954545454544734 0.5510204081627427 0
0.6954545454544907 0.5714285714280585 0
0.6954545454545079 0.5918367346933738 0
0.6954545454545253 0.6122448979586893 0
0.6954545454545424 0.6326530612240049 0
0.6954545454545598 0.6530612244893206 0
0.6954545454545772 0.6734693877546358 0
0.6954545454545941 0.6938775510199517 0
0.6954545454546116 0.7142857142852671 0
0.6954545454546288 0.7346938775505826 0
0.6954545454546461 0.7551020408158982 0
0.6954545454546635 0.7755102040812136 0
0.6954545454546806 0.7959183673465293 0
0.6954545454546978 0.8163265306118448 0
0.695454545454715 0.8367346938771604 0
0.6954545454547325 0.857142857142476 0
0.6954545454547496 0.8775510204078011 0
0.6954545454547669 0.8979591836731649 0
0.695454545454784 0.9183673469385318 0
0.6954545454548015 0.9387755102038988 0
0.6954545454548187 0.9591836734692658 0
0.6954545454548359 0.9795918367346332 0
0.7159090909086179 0.02040816326529287 0
0.7159090909086337 0.04081632653058324 0
0.71590909090865 0.0612244897958715 0
0.7159090909086655 0.08163265306116851 0
0.7159090909086812 0.1020408163264672 0
0.7159090909086971 0.1224489795917643 0
0.7159090909087131 0.1428571428570447 0
0.715909090908729 0.1632653061223208 0
0.7159090909087452 0.183673469387597 0
0.7159090909087608 0.204081632652873 0
0.7159090909087773 0.2244897959181492 0
0.7159090909087931 0.2448979591834253 0
0.7159090909088088 0.2653061224487014 0
0.7159090909088247 0.2857142857139776 0
0.7159090909088401 0.3061224489792535 0
0.7159090909088562 0.3265306122445297 0
0.7159090909088723 0.3469387755098059 0
0.7159090909088881 0.3673469387750818 0
0.7159090909089039 0.3877551020403581 0
0.7159090909089201 0.4081632653056342 0
0.7159090909089358 0.4285714285709104 0
0.7159090909089518 0.4489795918361866 0
0.7159090909089676 0.4693877551014625 0
0.7159090909089834 0.4897959183667386 0
0.7159090909089993 0.5102040816320367 0
0.7159090909090153 0.5306122448973566 0
0.7159090909090311 0.5510204081626765 0
0.7159090909090471 0.5714285714279967 0
0.7159090909090629 0.5918367346933165 0
0.7159090909090791 0.6122448979586365 0
0.7159090909090947 0.6326530612239565 0
0.7159090909091105 0.6530612244892765 0
0.7159090909091265 0.6734693877545964 0
0.7159090909091425 0.6938775510199167 0
0.7159090909091583 0.7142857142852366 0
0.7159090909091744 0.7346938775505563 0
0.71590909090919 0.7551020408158764 0
0.7159090909092061 0.7755102040811963 0
0.7159090909092219 0.7959183673465164 0
0.7159090909092379 0.8163265306118364 0
0.7159090909092538 0.8367346938771564 0
0.7159090909092696 0.8571428571424764 0
0.7159090909092857 0.8775510204078051 0
0.7159090909093015 0.8979591836731684 0
0.7159090909093175 0.9183673469385347 0
0.7159090909093331 0.9387755102039008 0
0.7159090909093491 0.9591836734692671 0
0.7159090909093651 0.9795918367346336 0
0.7363636363632237 0.02040816326529006 0
0.7363636363632368 0.04081632653057756 0
0.7363636363632502 0.06122448979586288 0
0.7363636363632633 0.08163265306115722 0
0.7363636363632766 0.1020408163264532 0
0.7363636363632898 0.1224489795917477 0
0.7363636363633029 0.1428571428570249 0
0.7363636363633161 0.1632653061222977 0
0.7363636363633296 0.1836734693875705 0
0.7363636363633431 0.2040816326528434 0
0.7363636363633561 0.2244897959181162 0
0.7363636363633693 0.244897959183389 0
0.7363636363633823 0.2653061224486619 0
0.7363636363633956 0.2857142857139347 0
0.736363636363409 0.3061224489792075 0
0.7363636363634223 0.3265306122444804 0
0.7363636363634354 0.3469387755097533 0
0.7363636363634485 0.3673469387750261 0
0.7363636363634618 0.3877551020402987 0
0.7363636363634753 0.4081632653055717 0
0.7363636363634888 0.4285714285708445 0
0.7363636363635017 0.4489795918361175 0
0.7363636363635149 0.4693877551013901 0
0.736363636363528 0.4897959183666629 0
0.7363636363635415 0.5102040816319616 0
0.7363636363635548 0.530612244897286 0
0.7363636363635677 0.5510204081626103 0
0.736363636363581 0.571428571427935 0
0.7363636363635945 0.5918367346932593 0
0.7363636363636077 0.6122448979585836 0
0.7363636363636208 0.6326530612239081 0
0.736363636363634 0.6530612244892327 0
0.7363636363636472 0.6734693877545569 0
0.7363636363636608 0.6938775510198816 0
0.7363636363636736 0.7142857142852058 0
0.7363636363636872 0.7346938775505301 0
0.7363636363637004 0.7551020408158546 0
0.7363636363637136 0.775510204081179 0
0.7363636363637267 0.7959183673465033 0
0.7363636363637401 0.8163265306118279 0
0.7363636363637533 0.8367346938771524 0
0.7363636363637667 0.8571428571424768 0
0.7363636363637798 0.8775510204078091 0
0.7363636363637931 0.897959183673172 0
0.7363636363638063 0.9183673469385374 0
0.7363636363638195 0.938775510203903 0
0.7363636363638328 0.9591836734692687 0
0.7363636363638463 0.9795918367346345 0
0.7568181818178122 0.02040816326528727 0
0.7568181818178237 0.04081632653057189 0
0.7568181818178349 0.06122448979585426 0
0.7568181818178464 0.08163265306114589 0
0.7568181818178578 0.1020408163264392 0
0.7568181818178688 0.1224489795917311 0
0.7568181818178804 0.1428571428570052 0
0.7568181818178914 0.1632653061222747 0
0.7568181818179032 0.1836734693875442 0
0.7568181818179146 0.2040816326528138 0
0.7568181818179259 0.2244897959180833 0
0.7568181818179371 0.2448979591833528 0
0.7568181818179488 0.2653061224486223 0
0.7568181818179598 0.2857142857138918 0
0.7568181818179716 0.3061224489791615 0
0.7568181818179829 0.3265306122444311 0
0.7568181818179938 0.3469387755097006 0
0.7568181818180055 0.3673469387749701 0
0.7568181818180164 0.3877551020402397 0
0.7568181818180282 0.4081632653055092 0
0.7568181818180395 0.4285714285707787 0
0.7568181818180508 0.4489795918360484 0
0.756818181818062 0.4693877551013178 0
0.7568181818180735 0.4897959183665874 0
0.7568181818180846 0.5102040816318866 0
0.7568181818180962 0.5306122448972154 0
0.7568181818181074 0.5510204081625442 0
0.756818181818119 0.5714285714278733 0
0.7568181818181302 0.591836734693202 0
0.7568181818181416 0.6122448979585308 0
0.756818181818153 0.6326530612238597 0
0.7568181818181647 0.6530612244891887 0
0.756818181818176 0.6734693877545173 0
0.7568181818181869 0.6938775510198465 0
0.7568181818181985 0.7142857142851752 0
0.7568181818182094 0.734693877550504 0
0.7568181818182211 0.7551020408158329 0
0.7568181818182327 0.7755102040811617 0
0.7568181818182439 0.7959183673464907 0
0.7568181818182553 0.8163265306118195 0
0.7568181818182664 0.8367346938771485 0
0.7568181818182776 0.8571428571424773 0
0.7568181818182893 0.8775510204078127 0
0.7568181818183006 0.8979591836731755 0
0.7568181818183122 0.9183673469385405 0
0.7568181818183234 0.9387755102039053 0
0.7568181818183348 0.9591836734692702 0
0.756818181818346 0.9795918367346349 0
0.7772727272724221 0.02040816326528445 0
0.7772727272724317 0.0408163265305662 0
0.7772727272724408 0.06122448979584563 0
0.7772727272724504 0.0816326530611346 0
0.7772727272724593 0.1020408163264253 0
0.7772727272724685 0.1224489795917145 0
0.7772727272724779 0.1428571428569853 0
0.7772727272724873 0.1632653061222516 0
0.7772727272724966 0.1836734693875178 0
0.777272727272506 0.2040816326527841 0
0.7772727272725148 0.2244897959180503 0
0.7772727272725244 0.2448979591833166 0
0.7772727272725337 0.2653061224485828 0
0.777272727272543 0.2857142857138491 0
0.777272727272552 0.3061224489791154 0
0.7772727272725617 0.3265306122443816 0
0.777272727272571 0.346938775509648 0
0.7772727272725801 0.3673469387749142 0
0.7772727272725894 0.3877551020401804 0
0.7772727272725986 0.4081632653054468 0
0.7772727272726077 0.428571428570713 0
0.7772727272726172 0.4489795918359794 0
0.7772727272726265 0.4693877551012455 0
0.7772727272726354 0.4897959183665117 0
0.777272727272645 0.5102040816318115 0
0.7772727272726542 0.5306122448971448 0
0.7772727272726636 0.551020408162478 0
0.7772727272726727 0.5714285714278116 0
0.7772727272726819 0.5918367346931447 0
0.7772727272726916 0.6122448979584779 0
0.7772727272727006 0.6326530612238115 0
0.77727272727271 0.6530612244891446 0
0.7772727272727193 0.6734693877544778 0
0.7772727272727284 0.6938775510198114 0
0.7772727272727376 0.7142857142851445 0
0.7772727272727473 0.7346938775504779 0
0.7772727272727562 0.7551020408158111 0
0.7772727272727654 0.7755102040811443 0
0.7772727272727746 0.7959183673464778 0
0.7772727272727844 0.816326530611811 0
0.7772727272727935 0.8367346938771444 0
0.7772727272728026 0.8571428571424777 0
0.7772727272728117 0.8775510204078165 0
0.777272727272821 0.8979591836731791 0
0.7772727272728305 0.9183673469385432 0
0.7772727272728398 0.9387755102039073 0
0.777272727272849 0.9591836734692716 0
0.7772727272728582 0.9795918367346358 0
0.7977272727270114 0.02040816326528164 0
0.7977272727270193 0.04081632653056052 0
0.7977272727270269 0.06122448979583701 0
0.7977272727270345 0.0816326530611233 0
0.7977272727270425 0.1020408163264114 0
0.7977272727270504 0.1224489795916978 0
0.7977272727270581 0.1428571428569655 0
0.7977272727270658 0.1632653061222286 0
0.7977272727270734 0.1836734693874915 0
0.7977272727270811 0.2040816326527545 0
0.797727272727089 0.2244897959180175 0
0.7977272727270964 0.2448979591832804 0
0.7977272727271043 0.2653061224485434 0
0.7977272727271123 0.2857142857138064 0
0.7977272727271201 0.3061224489790692 0
0.7977272727271276 0.3265306122443323 0
0.7977272727271354 0.3469387755095952 0
0.7977272727271434 0.3673469387748582 0
0.7977272727271509 0.3877551020401211 0
0.7977272727271584 0.4081632653053842 0
0.7977272727271664 0.4285714285706472 0
0.7977272727271743 0.4489795918359102 0
0.797727272727182 0.4693877551011731 0
0.7977272727271896 0.4897959183664361 0
0.7977272727271973 0.5102040816317365 0
0.7977272727272053 0.5306122448970741 0
0.7977272727272128 0.5510204081624118 0
0.7977272727272207 0.5714285714277498 0
0.7977272727272284 0.5918367346930873 0
0.797727272727236 0.6122448979584252 0
0.797727272727244 0.6326530612237629 0
0.7977272727272516 0.6530612244891008 0
0.7977272727272593 0.6734693877544383 0
0.797727272727267 0.6938775510197763 0
0.7977272727272748 0.7142857142851139 0
0.7977272727272825 0.7346938775504516 0
0.7977272727272905 0.7551020408157894 0
0.7977272727272982 0.775510204081127 0
0.7977272727273057 0.7959183673464649 0
0.7977272727273135 0.8163265306118026 0
0.7977272727273212 0.8367346938771403 0
0.7977272727273291 0.8571428571424782 0
0.7977272727273367 0.8775510204078206 0
0.7977272727273446 0.8979591836731824 0
0.7977272727273522 0.918367346938546 0
0.7977272727273602 0.9387755102039093 0
0.797727272727368 0.9591836734692729 0
0.7977272727273754 0.9795918367346367 0
0.8181818181816145 0.02040816326527884 0
0.8181818181816208 0.04081632653055483 0
0.8181818181816268 0.0612244897958284 0
0.8181818181816332 0.08163265306111198 0
0.8181818181816398 0.1020408163263974 0
0.8181818181816463 0.1224489795916812 0
0.8181818181816529 0.1428571428569458 0
0.8181818181816589 0.1632653061222054 0
0.8181818181816651 0.1836734693874651 0
0.8181818181816716 0.2040816326527248 0
0.818181818181678 0.2244897959179845 0
0.8181818181816842 0.2448979591832441 0
0.8181818181816907 0.2653061224485039 0
0.8181818181816969 0.2857142857137635 0
0.8181818181817033 0.3061224489790232 0
0.8181818181817093 0.326530612244283 0
0.818181818181716 0.3469387755095426 0
0.8181818181817221 0.3673469387748023 0
0.8181818181817289 0.387755102040062 0
0.8181818181817353 0.4081632653053218 0
0.8181818181817413 0.4285714285705815 0
0.8181818181817475 0.4489795918358411 0
0.8181818181817542 0.4693877551011008 0
0.8181818181817604 0.4897959183663605 0
0.8181818181817668 0.5102040816316614 0
0.818181818181773 0.5306122448970035 0
0.8181818181817797 0.5510204081623457 0
0.8181818181817857 0.5714285714276881 0
0.8181818181817921 0.5918367346930301 0
0.8181818181817988 0.6122448979583722 0
0.8181818181818049 0.6326530612237145 0
0.8181818181818112 0.6530612244890567 0
0.8181818181818172 0.6734693877543989 0
0.818181818181824 0.6938775510197412 0
0.8181818181818301 0.7142857142850834 0
0.8181818181818363 0.7346938775504253 0
0.8181818181818425 0.7551020408157676 0
0.8181818181818494 0.7755102040811097 0
0.8181818181818556 0.795918367346452 0
0.8181818181818619 0.8163265306117942 0
0.818181818181868 0.8367346938771364 0
0.8181818181818745 0.8571428571424786 0
0.818181818181881 0.8775510204078246 0
0.8181818181818871 0.8979591836731862 0
0.8181818181818934 0.9183673469385489 0
0.8181818181819001 0.9387755102039115 0
0.8181818181819064 0.9591836734692742 0
0.8181818181819127 0.9795918367346371 0
0.8386363636362107 0.02040816326527604 0
0.8386363636362154 0.04081632653054913 0
0.83863636363622 0.06122448979581976 0
0.8386363636362244 0.08163265306110068 0
0.8386363636362287 0.1020408163263835 0
0.8386363636362333 0.1224489795916646 0
0.8386363636362377 0.1428571428569259 0
0.8386363636362416 0.1632653061221824 0
0.8386363636362459 0.1836734693874388 0
0.8386363636362507 0.2040816326526952 0
0.8386363636362553 0.2244897959179515 0
0.8386363636362597 0.2448979591832079 0
0.8386363636362641 0.2653061224484645 0
0.8386363636362684 0.2857142857137208 0
0.8386363636362728 0.3061224489789772 0
0.8386363636362772 0.3265306122442337 0
0.838636363636282 0.3469387755094899 0
0.8386363636362861 0.3673469387747464 0
0.8386363636362903 0.3877551020400028 0
0.838636363636295 0.4081632653052591 0
0.8386363636362992 0.4285714285705157 0
0.8386363636363038 0.448979591835772 0
0.8386363636363079 0.4693877551010284 0
0.8386363636363124 0.4897959183662848 0
0.8386363636363171 0.5102040816315864 0
0.8386363636363212 0.5306122448969329 0
0.8386363636363257 0.5510204081622795 0
0.8386363636363303 0.5714285714276264 0
0.8386363636363343 0.5918367346929728 0
0.8386363636363388 0.6122448979583194 0
0.8386363636363434 0.632653061223666 0
0.8386363636363477 0.6530612244890127 0
0.8386363636363525 0.6734693877543594 0
0.8386363636363567 0.6938775510197062 0
0.8386363636363611 0.7142857142850526 0
0.8386363636363656 0.7346938775503992 0
0.83863636363637 0.7551020408157458 0
0.8386363636363742 0.7755102040810924 0
0.8386363636363789 0.7959183673464392 0
0.8386363636363832 0.8163265306117857 0
0.8386363636363876 0.8367346938771324 0
0.8386363636363922 0.8571428571424791 0
0.8386363636363965 0.8775510204078285 0
0.8386363636364008 0.8979591836731895 0
0.8386363636364051 0.9183673469385516 0
0.8386363636364096 0.9387755102039137 0
0.8386363636364141 0.9591836734692758 0
0.8386363636364184 0.979591836734638 0
0.8590909090908009 0.02040816326527324 0
0.8590909090908042 0.04081632653054345 0
0.8590909090908079 0.06122448979581116 0
0.8590909090908113 0.08163265306108938 0
0.8590909090908143 0.1020408163263695 0
0.859090909090818 0.1224489795916479 0
0.8590909090908215 0.1428571428569062 0
0.8590909090908248 0.1632653061221593 0
0.8590909090908283 0.1836734693874124 0
0.8590909090908317 0.2040816326526655 0
0.8590909090908351 0.2244897959179186 0
0.8590909090908385 0.2448979591831718 0
0.8590909090908418 0.2653061224484249 0
0.8590909090908456 0.285714285713678 0
0.859090909090849 0.3061224489789311 0
0.8590909090908523 0.3265306122441842 0
0.8590909090908558 0.3469387755094374 0
0.8590909090908595 0.3673469387746904 0
0.8590909090908627 0.3877551020399435 0
0.8590909090908663 0.4081632653051968 0
0.8590909090908694 0.4285714285704498 0
0.8590909090908729 0.448979591835703 0
0.8590909090908768 0.4693877551009561 0
0.85909090909088 0.4897959183662092 0
0.8590909090908836 0.5102040816315113 0
0.8590909090908869 0.5306122448968623 0
0.8590909090908903 0.5510204081622133 0
0.8590909090908938 0.5714285714275646 0
0.8590909090908974 0.5918367346929155 0
0.8590909090909007 0.6122448979582665 0
0.8590909090909042 0.6326530612236176 0
0.8590909090909076 0.6530612244889688 0
0.8590909090909107 0.6734693877543197 0
0.8590909090909147 0.6938775510196711 0
0.8590909090909178 0.714285714285022 0
0.8590909090909217 0.734693877550373 0
0.859090909090925 0.7551020408157241 0
0.8590909090909282 0.7755102040810751 0
0.8590909090909318 0.7959183673464263 0
0.859090909090935 0.8163265306117773 0
0.8590909090909387 0.8367346938771284 0
0.8590909090909422 0.8571428571424795 0
0.8590909090909457 0.8775510204078324 0
0.859090909090949 0.8979591836731931 0
0.8590909090909523 0.9183673469385545 0
0.859090909090956 0.9387755102039159 0
0.8590909090909594 0.9591836734692771 0
0.859090909090963 0.9795918367346385 0
0.8795454545454109 0.02040816326527043 0
0.8795454545454118 0.04081632653053776 0
0.8795454545454133 0.06122448979580253 0
0.8795454545454148 0.08163265306107806 0
0.879545454545416 0.1020408163263556 0
0.8795454545454174 0.1224489795916313 0
0.8795454545454187 0.1428571428568864 0
0.8795454545454199 0.1632653061221362 0
0.8795454545454213 0.183673469387386 0
0.8795454545454225 0.2040816326526359 0
0.879545454545424 0.2244897959178857 0
0.8795454545454252 0.2448979591831355 0
0.8795454545454265 0.2653061224483854 0
0.8795454545454281 0.2857142857136352 0
0.8795454545454293 0.306122448978885 0
0.8795454545454304 0.3265306122441349 0
0.8795454545454318 0.3469387755093847 0
0.8795454545454333 0.3673469387746346 0
0.8795454545454345 0.3877551020398844 0
0.8795454545454356 0.4081632653051342 0
0.8795454545454371 0.4285714285703841 0
0.8795454545454388 0.4489795918356338 0
0.87954545454544 0.4693877551008837 0
0.8795454545454413 0.4897959183661336 0
0.8795454545454426 0.5102040816314363 0
0.8795454545454438 0.5306122448967916 0
0.8795454545454454 0.5510204081621471 0
0.8795454545454467 0.5714285714275029 0
0.8795454545454479 0.5918367346928582 0
0.8795454545454493 0.6122448979582137 0
0.8795454545454502 0.6326530612235692 0
0.8795454545454516 0.6530612244889248 0
0.8795454545454533 0.6734693877542802 0
0.8795454545454546 0.693877551019636 0
0.879545454545456 0.7142857142849913 0
0.8795454545454567 0.7346938775503468 0
0.8795454545454586 0.7551020408157023 0
0.8795454545454595 0.7755102040810578 0
0.8795454545454611 0.7959183673464134 0
0.8795454545454625 0.8163265306117689 0
0.8795454545454635 0.8367346938771244 0
0.8795454545454651 0.85714285714248 0
0.8795454545454663 0.8775510204078364 0
0.8795454545454677 0.8979591836731966 0
0.8795454545454688 0.9183673469385574 0
0.8795454545454705 0.9387755102039179 0
0.8795454545454717 0.9591836734692787 0
0.8795454545454727 0.9795918367346393 0
2 2 0 96
2371
2372
2373
2374
2375
2376
2377
2378
2379
2380
2381
2382
2383
2384
2385
2386
2387
2388
2389
2390
2391
2392
2393
2394
2395
2396
2397
2398
2399
2400
2401
2402
2403
2404
2405
2406
2407
2408
2409
2410
2411
2412
2413
2414
2415
2416
2417
2418
2419
2420
2421
2422
2423
2424
2425
2426
2427
2428
2429
2430
2431
2432
2433
2434
2435
2436
2437
2438
2439
2440
2441
2442
2443
2444
2445
2446
2447
2448
2449
2450
2451
2452
2453
2454
2455
2456
2457
2458
2459
2460
2461
2462
2463
2464
2465
2466
0.9199999999999583 0.02040816326526762 0
0.9199999999999596 0.04081632653053215 0
0.9199999999999612 0.06122448979579387 0
0.9199999999999625 0.08163265306106672 0
0.9199999999999641 0.1020408163263417 0
0.9199999999999657 0.1224489795916146 0
0.9199999999999668 0.1428571428568666 0
0.9199999999999686 0.163265306122113 0
0.91999999999997 0.1836734693873596 0
0.9199999999999716 0.2040816326526062 0
0.9199999999999726 0.2244897959178528 0
0.9199999999999745 0.2448979591830993 0
0.9199999999999758 0.2653061224483459 0
0.9199999999999772 0.2857142857135923 0
0.9199999999999788 0.306122448978839 0
0.9199999999999801 0.3265306122440855 0
0.9199999999999821 0.3469387755093319 0
0.9199999999999828 0.3673469387745787 0
0.9199999999999846 0.387755102039825 0
0.9199999999999862 0.4081632653050717 0
0.9199999999999877 0.4285714285703184 0
0.9199999999999888 0.4489795918355649 0
0.9199999999999906 0.4693877551008114 0
0.9199999999999924 0.489795918366058 0
0.9199999999999937 0.5102040816313613 0
0.919999999999995 0.5306122448967212 0
0.9199999999999964 0.5510204081620811 0
0.9199999999999979 0.5714285714274411 0
0.9199999999999995 0.5918367346928011 0
0.9200000000000008 0.6122448979581609 0
0.9200000000000024 0.6326530612235208 0
0.9200000000000037 0.6530612244888809 0
0.9200000000000051 0.6734693877542408 0
0.9200000000000068 0.6938775510196009 0
0.9200000000000084 0.7142857142849608 0
0.9200000000000097 0.7346938775503207 0
0.9200000000000114 0.7551020408156803 0
0.9200000000000126 0.7755102040810403 0
0.9200000000000141 0.7959183673464005 0
0.9200000000000158 0.8163265306117604 0
0.9200000000000172 0.8367346938771205 0
0.9200000000000186 0.8571428571424804 0
0.9200000000000199 0.8775510204078403 0
0.9200000000000215 0.8979591836732004 0
0.9200000000000231 0.9183673469385603 0
0.9200000000000245 0.9387755102039199 0
0.9200000000000259 0.9591836734692801 0
0.9200000000000275 0.97959183673464 0
0.9400000000000012 0.02040816326526762 0
0.9400000000000024 0.04081632653053211 0
0.9400000000000035 0.06122448979579388 0
0.9400000000000051 0.08163265306106669 0
0.9400000000000061 0.1020408163263416 0
0.9400000000000069 0.1224489795916146 0
0.9400000000000085 0.1428571428568666 0
0.9400000000000094 0.1632653061221131 0
0.9400000000000105 0.1836734693873597 0
0.9400000000000117 0.2040816326526063 0
0.9400000000000127 0.2244897959178528 0
0.9400000000000142 0.2448979591830993 0
0.9400000000000153 0.265306122448346 0
0.9400000000000167 0.2857142857135923 0
0.9400000000000178 0.3061224489788391 0
0.9400000000000187 0.3265306122440855 0
0.9400000000000202 0.3469387755093321 0
0.9400000000000214 0.3673469387745787 0
0.9400000000000223 0.3877551020398251 0
0.9400000000000237 0.4081632653050717 0
0.9400000000000247 0.4285714285703183 0
0.9400000000000259 0.4489795918355648 0
0.9400000000000268 0.4693877551008114 0
0.9400000000000284 0.489795918366058 0
0.9400000000000294 0.5102040816313612 0
0.9400000000000305 0.5306122448967212 0
0.9400000000000319 0.5510204081620811 0
0.9400000000000331 0.5714285714274411 0
0.940000000000034 0.591836734692801 0
0.9400000000000356 0.6122448979581608 0
0.9400000000000367 0.6326530612235208 0
0.9400000000000378 0.6530612244888808 0
0.9400000000000389 0.6734693877542408 0
0.9400000000000401 0.6938775510196008 0
0.9400000000000411 0.7142857142849607 0
0.9400000000000426 0.7346938775503207 0
0.9400000000000437 0.7551020408156806 0
0.9400000000000447 0.7755102040810404 0
0.9400000000000458 0.7959183673464005 0
0.9400000000000471 0.8163265306117604 0
0.9400000000000484 0.8367346938771203 0
0.9400000000000496 0.8571428571424804 0
0.9400000000000508 0.8775510204078403 0
0.9400000000000519 0.8979591836732002 0
0.940000000000053 0.91836734693856 0
0.9400000000000542 0.9387755102039201 0
0.9400000000000555 0.95918367346928 0
0.9400000000000566 0.97959183673464 0
2 3 0 384
2467
2468
2469
2470
2471
2472
2473
2474
2475
2476
2477
2478
2479
2480
2481
2482
2483
2484
2485
2486
2487
2488
2489
2490
2491
2492
2493
2494
2495
2496
2497
2498
2499
2500
2501
2502
2503
2504
2505
2506
2507
2508
2509
2510
2511
2512
2513
2514
2515
2516
2517
2518
2519
2520
2521
2522
2523
2524
2525
2526
2527
2528
2529
2530
2531
2532
2533
2534
2535
2536
2537
2538
2539
2540
2541
2542
2543
2544
2545
2546
2547
2548
2549
2550
2551
2552
2553
2554
2555
2556
2557
2558
2559
2560
2561
2562
2563
2564
2565
2566
2567
2568
2569
2570
2571
2572
2573
2574
2575
2576
2577
2578
2579
2580
2581
2582
2583
2584
2585
2586
2587
2588
2589
2590
2591
2592
2593
2594
2595
2596
2597
2598
2599
2600
2601
2602
2603
2604
2605
2606
2607
2608
2609
2610
2611
2612
2613
2614
2615
2616
2617
2618
2619
2620
2621
2622
2623
2624
2625
2626
2627
2628
2629
2630
2631
2632
2633
2634
2635
2636
2637
2638
2639
2640
2641
2642
2643
2644
2645
2646
2647
2648
2649
2650
2651
2652
2653
2654
2655
2656
2657
2658
2659
2660
2661
2662
2663
2664
2665
2666
2667
2668
2669
2670
2671
2672
2673
2674
2675
2676
2677
2678
2679
2680
2681
2682
2683
2684
2685
2686
2687
2688
2689
2690
2691
2692
2693
2694
2695
2696
2697
2698
2699
2700
2701
2702
2703
2704
2705
2706
2707
2708
2709
2710
2711
2712
2713
2714
2715
2716
2717
2718
2719
2720
2721
2722
2723
2724
2725
2726
2727
2728
2729
2730
2731
2732
2733
2734
2735
2736
2737
2738
2739
2740
2741
2742
2743
2744
2745
2746
2747
2748
2749
2750
2751
2752
2753
2754
2755
2756
2757
2758
2759
2760
2761
2762
2763
2764
2765
2766
2767
2768
2769
2770
2771
2772
2773
2774
2775
2776
2777
2778
2779
2780
2781
2782
2783
2784
2785
2786
2787
2788
2789
2790
2791
2792
2793
2794
2795
2796
2797
2798
2799
2800
2801
2802
2803
2804
2805
2806
2807
2808
2809
2810
2811
2812
2813
2814
2815
2816
2817
2818
2819
2820
2821
2822
2823
2824
2825
2826
2827
2828
2829
2830
2831
2832
2833
2834
2835
2836
2837
2838
2839
2840
2841
2842
2843
2844
2845
2846
2847
2848
2849
2850
0.9800391431104358 0.02040816326526762 0
0.980039143022811 0.04081632653053211 0
0.9800391429351861 0.06122448979579388 0
0.9800391428475613 0.08163265306106669 0
0.9800391427599366 0.1020408163263417 0
0.9800391426723122 0.1224489795916146 0
0.9800391425846874 0.1428571428568666 0
0.9800391424970625 0.1632653061221131 0
0.9800391424094376 0.1836734693873597 0
0.9800391423218131 0.2040816326526062 0
0.9800391422341881 0.2244897959178528 0
0.9800391421465635 0.2448979591830993 0
0.9800391420589391 0.2653061224483459 0
0.9800391419713139 0.2857142857135924 0
0.9800391418836891 0.3061224489788389 0
0.9800391417960644 0.3265306122440855 0
0.9800391417084396 0.3469387755093321 0
0.9800391416208152 0.3673469387745786 0
0.9800391415331902 0.3877551020398252 0
0.9800391414455654 0.4081632653050717 0
0.9800391413579408 0.4285714285703183 0
0.9800391412703157 0.4489795918355649 0
0.9800391411826911 0.4693877551008114 0
0.9800391410950664 0.489795918366058 0
0.9800391410074416 0.5102040816313612 0
0.9800391409198168 0.5306122448967212 0
0.980039140832192 0.5510204081620811 0
0.9800391407445672 0.5714285714274411 0
0.9800391406569426 0.591836734692801 0
0.9800391405693178 0.6122448979581608 0
0.980039140481693 0.6326530612235208 0
0.9800391403940683 0.6530612244888808 0
0.9800391403064433 0.6734693877542408 0
0.9800391402188185 0.6938775510196008 0
0.9800391401311939 0.7142857142849607 0
0.9800391400435694 0.7346938775503207 0
0.9800391399559445 0.7551020408156806 0
0.9800391398683197 0.7755102040810404 0
0.9800391397806948 0.7959183673464004 0
0.98003913969307 0.8163265306117604 0
0.9800391396054455 0.8367346938771204 0
0.9800391395178207 0.8571428571424804 0
0.9800391394301959 0.8775510204078403 0
0.9800391393425711 0.8979591836732003 0
0.9800391392549465 0.9183673469385601 0
0.9800391391673215 0.93877551020392 0
0.980039139079697 0.95918367346928 0
0.9800391389920722 0.97959183673464 0
0.9900587125814381 0.02040816326526762 0
0.9900587124933045 0.04081632653053211 0
0.9900587124051707 0.0612244897957939 0
0.9900587123170372 0.08163265306106672 0
0.9900587122289037 0.1020408163263417 0
0.9900587121407699 0.1224489795916147 0
0.9900587120526363 0.1428571428568666 0
0.9900587119645029 0.1632653061221131 0
0.9900587118763691 0.1836734693873597 0
0.9900587117882355 0.2040816326526063 0
0.9900587117001018 0.2244897959178528 0
0.990058711611968 0.2448979591830993 0
0.9900587115238346 0.2653061224483459 0
0.9900587114357009 0.2857142857135924 0
0.9900587113475674 0.3061224489788389 0
0.9900587112594337 0.3265306122440855 0
0.9900587111713 0.3469387755093321 0
0.9900587110831665 0.3673469387745786 0
0.9900587109950326 0.3877551020398251 0
0.9900587109068991 0.4081632653050717 0
0.9900587108187656 0.4285714285703184 0
0.9900587107306321 0.4489795918355649 0
0.9900587106424983 0.4693877551008114 0
0.9900587105543647 0.489795918366058 0
0.9900587104662311 0.5102040816313612 0
0.9900587103780973 0.5306122448967212 0
0.9900587102899637 0.5510204081620811 0
0.9900587102018301 0.5714285714274411 0
0.9900587101136963 0.591836734692801 0
0.9900587100255629 0.6122448979581608 0
0.9900587099374292 0.6326530612235208 0
0.9900587098492956 0.6530612244888808 0
0.9900587097611618 0.6734693877542408 0
0.9900587096730281 0.6938775510196008 0
0.9900587095848947 0.7142857142849606 0
0.9900587094967613 0.7346938775503207 0
0.9900587094086276 0.7551020408156806 0
0.9900587093204937 0.7755102040810404 0
0.9900587092323599 0.7959183673464004 0
0.9900587091442266 0.8163265306117604 0
0.9900587090560932 0.8367346938771205 0
0.9900587089679593 0.8571428571424804 0
0.9900587088798255 0.8775510204078403 0
0.9900587087916919 0.8979591836732004 0
0.9900587087035584 0.9183673469385601 0
0.9900587086154248 0.93877551020392 0
0.9900587085272912 0.95918367346928 0
0.9900587084391576 0.97959183673464 0
0.9950684962747949 0.02040816326526762 0
0.9950684962080606 0.04081632653053211 0
0.9950684961413263 0.06122448979579391 0
0.9950684960745919 0.08163265306106672 0
0.9950684960078573 0.1020408163263416 0
0.9950684959411235 0.1224489795916147 0
0.9950684958743893 0.1428571428568666 0
0.9950684958076547 0.1632653061221131 0
0.9950684957409204 0.1836734693873597 0
0.9950684956741861 0.2040816326526063 0
0.9950684956074518 0.2244897959178528 0
0.9950684955407174 0.2448979591830993 0
0.9950684954739829 0.2653061224483459 0
0.9950684954072488 0.2857142857135924 0
0.9950684953405144 0.3061224489788389 0
0.9950684952737803 0.3265306122440855 0
0.9950684952070459 0.3469387755093321 0
0.9950684951403115 0.3673469387745786 0
0.9950684950735769 0.3877551020398252 0
0.9950684950068429 0.4081632653050717 0
0.9950684949401085 0.4285714285703183 0
0.9950684948733743 0.4489795918355649 0
0.9950684948066399 0.4693877551008114 0
0.9950684947399057 0.489795918366058 0
0.9950684946731714 0.5102040816313612 0
0.995068494606437 0.5306122448967212 0
0.9950684945397029 0.5510204081620811 0
0.9950684944729685 0.5714285714274411 0
0.9950684944062339 0.5918367346928011 0
0.9950684943394997 0.6122448979581609 0
0.9950684942727654 0.6326530612235208 0
0.9950684942060311 0.6530612244888808 0
0.9950684941392968 0.6734693877542408 0
0.9950684940725625 0.6938775510196007 0
0.9950684940058283 0.7142857142849607 0
0.9950684939390937 0.7346938775503207 0
0.9950684938723595 0.7551020408156806 0
0.9950684938056249 0.7755102040810404 0
0.9950684937388911 0.7959183673464004 0
0.9950684936721566 0.8163265306117604 0
0.9950684936054224 0.8367346938771204 0
0.995068493538688 0.8571428571424804 0
0.9950684934719535 0.8775510204078403 0
0.9950684934052194 0.8979591836732003 0
0.995068493338485 0.9183673469385601 0
0.9950684932717506 0.93877551020392 0
0.9950684932050161 0.95918367346928 0
0.9950684931382821 0.97959183673464 0
0.9975733876003894 0.02040816326526762 0
0.9975733875551819 0.04081632653053209 0
0.997573387509974 0.06122448979579391 0
0.9975733874647665 0.08163265306106672 0
0.997573387419559 0.1020408163263416 0
0.9975733873743516 0.1224489795916147 0
0.9975733873291438 0.1428571428568666 0
0.9975733872839365 0.1632653061221131 0
0.9975733872387288 0.1836734693873597 0
0.9975733871935213 0.2040816326526062 0
0.9975733871483138 0.2244897959178528 0
0.9975733871031061 0.2448979591830993 0
0.9975733870578984 0.2653061224483459 0
0.9975733870126907 0.2857142857135924 0
0.9975733869674834 0.306122448978839 0
0.9975733869222759 0.3265306122440855 0
0.9975733868770681 0.3469387755093321 0
0.9975733868318607 0.3673469387745786 0
0.997573386786653 0.3877551020398252 0
0.9975733867414455 0.4081632653050717 0
0.9975733866962381 0.4285714285703183 0
0.9975733866510303 0.4489795918355649 0
0.9975733866058227 0.4693877551008114 0
0.9975733865606154 0.489795918366058 0
0.9975733865154076 0.5102040816313612 0
0.9975733864702001 0.5306122448967212 0
0.9975733864249925 0.5510204081620811 0
0.9975733863797848 0.5714285714274411 0
0.9975733863345773 0.591836734692801 0
0.9975733862893696 0.6122448979581609 0
0.9975733862441623 0.6326530612235208 0
0.9975733861989547 0.6530612244888808 0
0.997573386153747 0.6734693877542408 0
0.9975733861085394 0.6938775510196008 0
0.9975733860633319 0.7142857142849608 0
0.9975733860181243 0.7346938775503207 0
0.9975733859729166 0.7551020408156806 0
0.9975733859277091 0.7755102040810404 0
0.9975733858825014 0.7959183673464004 0
0.9975733858372944 0.8163265306117604 0
0.9975733857920867 0.8367346938771204 0
0.997573385746879 0.8571428571424804 0
0.9975733857016713 0.8775510204078403 0
0.9975733856564637 0.8979591836732003 0
0.9975733856112561 0.9183673469385601 0
0.9975733855660484 0.93877551020392 0
0.9975733855208413 0.95918367346928 0
0.9975733854756336 0.97959183673464 0
0.9988258330026766 0.02040816326526762 0
0.9988258329736454 0.0408163265305321 0
0.998825832944614 0.06122448979579391 0
0.998825832915583 0.08163265306106675 0
0.9988258328865516 0.1020408163263416 0
0.9988258328575205 0.1224489795916147 0
0.9988258328284895 0.1428571428568666 0
0.9988258327994584 0.1632653061221131 0
0.998825832770427 0.1836734693873597 0
0.9988258327413958 0.2040816326526062 0
0.9988258327123646 0.2244897959178528 0
0.9988258326833335 0.2448979591830993 0
0.9988258326543021 0.2653061224483459 0
0.9988258326252714 0.2857142857135923 0
0.9988258325962397 0.3061224489788389 0
0.9988258325672088 0.3265306122440855 0
0.9988258325381777 0.3469387755093321 0
0.9988258325091465 0.3673469387745786 0
0.9988258324801154 0.3877551020398252 0
0.9988258324510841 0.4081632653050717 0
0.9988258324220528 0.4285714285703183 0
0.9988258323930216 0.4489795918355649 0
0.9988258323639905 0.4693877551008115 0
0.9988258323349595 0.489795918366058 0
0.9988258323059285 0.5102040816313612 0
0.9988258322768969 0.5306122448967212 0
0.9988258322478657 0.5510204081620811 0
0.9988258322188347 0.5714285714274411 0
0.9988258321898035 0.5918367346928011 0
0.9988258321607721 0.6122448979581608 0
0.9988258321317409 0.6326530612235208 0
0.9988258321027096 0.6530612244888808 0
0.9988258320736785 0.6734693877542408 0
0.9988258320446475 0.6938775510196008 0
0.9988258320156163 0.7142857142849607 0
0.998825831986585 0.7346938775503207 0
0.9988258319575539 0.7551020408156806 0
0.9988258319285229 0.7755102040810404 0
0.9988258318994914 0.7959183673464004 0
0.9988258318704604 0.8163265306117604 0
0.9988258318414291 0.8367346938771204 0
0.9988258318123979 0.8571428571424804 0
0.9988258317833666 0.8775510204078403 0
0.9988258317543354 0.8979591836732003 0
0.9988258317253043 0.9183673469385603 0
0.9988258316962733 0.93877551020392 0
0.998825831667242 0.95918367346928 0
0.9988258316382108 0.97959183673464 0
0.9994520555735399 0.02040816326526762 0
0.9994520555553043 0.04081632653053208 0
0.9994520555370685 0.06122448979579391 0
0.9994520555188326 0.08163265306106675 0
0.9994520555005971 0.1020408163263416 0
0.9994520554823613 0.1224489795916147 0
0.9994520554641255 0.1428571428568666 0
0.9994520554458902 0.1632653061221131 0
0.9994520554276543 0.1836734693873597 0
0.9994520554094185 0.2040816326526062 0
0.9994520553911829 0.2244897959178528 0
0.9994520553729469 0.2448979591830993 0
0.9994520553547113 0.2653061224483459 0
0.9994520553364761 0.2857142857135924 0
0.99945205531824 0.3061224489788389 0
0.9994520553000044 0.3265306122440855 0
0.9994520552817685 0.3469387755093321 0
0.9994520552635328 0.3673469387745787 0
0.9994520552452972 0.3877551020398252 0
0.9994520552270614 0.4081632653050717 0
0.9994520552088256 0.4285714285703183 0
0.9994520551905902 0.4489795918355649 0
0.9994520551723545 0.4693877551008114 0
0.9994520551541185 0.489795918366058 0
0.999452055135883 0.5102040816313612 0
0.9994520551176471 0.5306122448967212 0
0.9994520550994114 0.5510204081620811 0
0.999452055081176 0.5714285714274411 0
0.9994520550629402 0.591836734692801 0
0.9994520550447045 0.6122448979581608 0
0.9994520550264687 0.6326530612235208 0
0.999452055008233 0.6530612244888808 0
0.9994520549899975 0.6734693877542408 0
0.9994520549717616 0.6938775510196008 0
0.9994520549535257 0.7142857142849607 0
0.9994520549352902 0.7346938775503207 0
0.9994520549170546 0.7551020408156806 0
0.9994520548988184 0.7755102040810404 0
0.9994520548805834 0.7959183673464004 0
0.9994520548623473 0.8163265306117604 0
0.9994520548441117 0.8367346938771204 0
0.999452054825876 0.8571428571424804 0
0.9994520548076402 0.8775510204078403 0
0.9994520547894046 0.8979591836732003 0
0.9994520547711691 0.9183673469385601 0
0.9994520547529331 0.93877551020392 0
0.9994520547346974 0.95918367346928 0
0.9994520547164617 0.97959183673464 0
0.9997651667938467 0.02040816326526762 0
0.9997651667823622 0.0408163265305321 0
0.9997651667708772 0.06122448979579391 0
0.9997651667593924 0.08163265306106675 0
0.9997651667479076 0.1020408163263416 0
0.9997651667364227 0.1224489795916147 0
0.9997651667249379 0.1428571428568666 0
0.9997651667134531 0.1632653061221131 0
0.9997651667019684 0.1836734693873597 0
0.9997651666904834 0.2040816326526063 0
0.9997651666789986 0.2244897959178528 0
0.9997651666675138 0.2448979591830993 0
0.9997651666560291 0.2653061224483459 0
0.9997651666445444 0.2857142857135924 0
0.9997651666330594 0.3061224489788389 0
0.9997651666215746 0.3265306122440855 0
0.9997651666100894 0.3469387755093321 0
0.9997651665986047 0.3673469387745786 0
0.9997651665871201 0.3877551020398252 0
0.999765166575635 0.4081632653050717 0
0.9997651665641503 0.4285714285703183 0
0.9997651665526657 0.4489795918355649 0
0.9997651665411809 0.4693877551008114 0
0.9997651665296962 0.489795918366058 0
0.9997651665182113 0.5102040816313612 0
0.9997651665067264 0.5306122448967212 0
0.9997651664952414 0.5510204081620811 0
0.9997651664837566 0.5714285714274411 0
0.9997651664722716 0.591836734692801 0
0.9997651664607871 0.6122448979581608 0
0.999765166449302 0.6326530612235208 0
0.9997651664378173 0.6530612244888808 0
0.9997651664263325 0.6734693877542408 0
0.9997651664148477 0.6938775510196008 0
0.9997651664033629 0.7142857142849607 0
0.999765166391878 0.7346938775503207 0
0.9997651663803928 0.7551020408156806 0
0.9997651663689081 0.7755102040810404 0
0.9997651663574233 0.7959183673464004 0
0.9997651663459385 0.8163265306117604 0
0.9997651663344541 0.8367346938771204 0
0.9997651663229692 0.8571428571424804 0
0.9997651663114843 0.8775510204078403 0
0.9997651662999993 0.8979591836732003 0
0.9997651662885144 0.9183673469385601 0
0.9997651662770297 0.93877551020392 0
0.9997651662655449 0.95918367346928 0
0.9997651662540601 0.97959183673464 0
0.9999217223605755 0.02040816326526762 0
0.9999217223533688 0.0408163265305321 0
0.9999217223461622 0.06122448979579391 0
0.9999217223389559 0.08163265306106675 0
0.9999217223317493 0.1020408163263416 0
0.9999217223245426 0.1224489795916147 0
0.9999217223173359 0.1428571428568666 0
0.9999217223101297 0.1632653061221131 0
0.999921722302923 0.1836734693873597 0
0.9999217222957167 0.2040816326526062 0
0.99992172228851 0.2244897959178528 0
0.9999217222813034 0.2448979591830993 0
0.9999217222740967 0.2653061224483459 0
0.9999217222668904 0.2857142857135924 0
0.999921722259684 0.3061224489788389 0
0.9999217222524771 0.3265306122440855 0
0.9999217222452709 0.3469387755093321 0
0.9999217222380642 0.3673469387745786 0
0.9999217222308575 0.3877551020398252 0
0.9999217222236511 0.4081632653050717 0
0.9999217222164447 0.4285714285703183 0
0.9999217222092379 0.4489795918355649 0
0.9999217222020313 0.4693877551008114 0
0.999921722194825 0.489795918366058 0
0.9999217221876184 0.5102040816313612 0
0.9999217221804119 0.5306122448967212 0
0.9999217221732053 0.5510204081620811 0
0.9999217221659986 0.5714285714274411 0
0.9999217221587926 0.591836734692801 0
0.9999217221515856 0.6122448979581608 0
0.999921722144379 0.6326530612235208 0
0.9999217221371725 0.6530612244888808 0
0.9999217221299659 0.6734693877542408 0
0.9999217221227595 0.6938775510196008 0
0.9999217221155529 0.7142857142849607 0
0.9999217221083462 0.7346938775503207 0
0.9999217221011398 0.7551020408156806 0
0.9999217220939335 0.7755102040810404 0
0.9999217220867266 0.7959183673464004 0
0.9999217220795201 0.8163265306117604 0
0.9999217220723137 0.8367346938771204 0
0.9999217220651075 0.8571428571424804 0
0.9999217220579006 0.8775510204078403 0
0.9999217220506937 0.8979591836732003 0
0.9999217220434875 0.9183673469385601 0
0.999921722036281 0.93877551020392 0
0.9999217220290743 0.95918367346928 0
0.9999217220218679 0.97959183673464 0
$EndNodes
$Elements
11 5698 1 5698
1 1 1 44
1 1 9 
2 9 10 
3 10 11 
4 11 12 
5 12 13 
6 13 14 
7 14 15 
8 15 16 
9 16 17 
10 17 18 
11 18 19 
12 19 20 
13 20 21 
14 21 22 
15 22 23 
16 23 24 
17 24 25 
18 25 26 
19 26 27 
20 27 28 
21 28 29 
22 29 30 
23 30 31 
24 31 32 
25 32 33 
26 33 34 
27 34 35 
28 35 36 
29 36 37 
30 37 38 
31 38 39 
32 39 40 
33 40 41 
34 41 42 
35 42 43 
36 43 44 
37 44 45 
38 45 46 
39 46 47 
40 47 48 
41 48 49 
42 49 50 
43 50 51 
44 51 2 
1 3 1 44
45 3 100 
46 100 101 
47 101 102 
48 102 103 
49 103 104 
50 104 105 
51 105 106 
52 106 107 
53 107 108 
54 108 109 
55 109 110 
56 110 111 
57 111 112 
58 112 113 
59 113 114 
60 114 115 
61 115 116 
62 116 117 
63 117 118 
64 118 119 
65 119 120 
66 120 121 
67 121 122 
68 122 123 
69 123 124 
70 124 125 
71 125 126 
72 126 127 
73 127 128 
74 128 129 
75 129 130 
76 130 131 
77 131 132 
78 132 133 
79 133 134 
80 134 135 
81 135 136 
82 136 137 
83 137 138 
84 138 139 
85 139 140 
86 140 141 
87 141 142 
88 142 4 
1 4 1 49
89 4 143 
90 143 144 
91 144 145 
92 145 146 
93 146 147 
94 147 148 
95 148 149 
96 149 150 
97 150 151 
98 151 152 
99 152 153 
100 153 154 
101 154 155 
102 155 156 
103 156 157 
104 157 158 
105 158 159 
106 159 160 
107 160 161 
108 161 162 
109 162 163 
110 163 164 
111 164 165 
112 165 166 
113 166 167 
114 167 168 
115 168 169 
116 169 170 
117 170 171 
118 171 172 
119 172 173 
120 173 174 
121 174 175 
122 175 176 
123 176 177 
124 177 178 
125 178 179 
126 179 180 
127 180 181 
128 181 182 
129 182 183 
130 183 184 
131 184 185 
132 185 186 
133 186 187 
134 187 188 
135 188 189 
136 189 190 
137 190 1 
1 5 1 3
138 2 191 
139 191 192 
140 192 5 
1 7 1 3
141 6 241 
142 241 242 
143 242 3 
1 8 1 9
144 5 243 
145 243 244 
146 244 245 
147 245 246 
148 246 247 
149 247 248 
150 248 249 
151 249 250 
152 250 7 
1 9 1 49
153 7 251 
154 251 252 
155 252 253 
156 253 254 
157 254 255 
158 255 256 
159 256 257 
160 257 258 
161 258 259 
162 259 260 
163 260 261 
164 261 262 
165 262 263 
166 263 264 
167 264 265 
168 265 266 
169 266 267 
170 267 268 
171 268 269 
172 269 270 
173 270 271 
174 271 272 
175 272 273 
176 273 274 
177 274 275 
178 275 276 
179 276 277 
180 277 278 
181 278 279 
182 279 280 
183 280 281 
184 281 282 
185 282 283 
186 283 284 
187 284 285 
188 285 286 
189 286 287 
190 287 288 
191 288 289 
192 289 290 
193 290 291 
194 291 292 
195 292 293 
196 293 294 
197 294 295 
198 295 296 
199 296 297 
200 297 298 
201 298 8 
1 10 1 9
202 8 299 
203 299 300 
204 300 301 
205 301 302 
206 302 303 
207 303 304 
208 304 305 
209 305 306 
210 306 6 
2 1 2 4312
211 1 9 190 
212 190 9 307 
213 190 307 189 
214 189 307 308 
215 189 308 188 
216 188 308 309 
217 188 309 187 
218 187 309 310 
219 187 310 186 
220 186 310 311 
221 186 311 185 
222 185 311 312 
223 185 312 184 
224 184 312 313 
225 184 313 183 
226 183 313 314 
227 183 314 182 
228 182 314 315 
229 182 315 181 
230 181 315 316 
231 181 316 180 
232 180 316 317 
233 180 317 179 
234 179 317 318 
235 179 318 178 
236 178 318 319 
237 178 319 177 
238 177 319 320 
239 177 320 176 
240 176 320 321 
241 176 321 175 
242 175 321 322 
243 175 322 174 
244 174 322 323 
245 174 323 173 
246 173 323 324 
247 173 324 172 
248 172 324 325 
249 172 325 171 
250 171 325 326 
251 171 326 170 
252 170 326 327 
253 170 327 169 
254 169 327 328 
255 169 328 168 
256 168 328 329 
257 168 329 167 
258 167 329 330 
259 167 330 166 
260 166 330 331 
261 166 331 165 
262 165 331 332 
263 165 332 164 
264 164 332 333 
265 164 333 163 
266 163 333 334 
267 163 334 162 
268 162 334 335 
269 162 335 161 
270 161 335 336 
271 161 336 160 
272 160 336 337 
273 160 337 159 
274 159 337 338 
275 159 338 158 
276 158 338 339 
277 158 339 157 
278 157 339 340 
279 157 340 156 
280 156 340 341 
281 156 341 155 
282 155 341 342 
283 155 342 154 
284 154 342 343 
285 154 343 153 
286 153 343 344 
287 153 344 152 
288 152 344 345 
289 152 345 151 
290 151 345 346 
291 151 346 150 
292 150 346 347 
293 150 347 149 
294 149 347 348 
295 149 348 148 
296 148 348 349 
297 148 349 147 
298 147 349 350 
299 147 350 146 
300 146 350 351 
301 146 351 145 
302 145 351 352 
303 145 352 144 
304 144 352 353 
305 144 353 143 
306 143 353 354 
307 143 354 4 
308 4 354 142 
309 9 10 307 
310 307 10 355 
311 307 355 308 
312 308 355 356 
313 308 356 309 
314 309 356 357 
315 309 357 310 
316 310 357 358 
317 310 358 311 
318 311 358 359 
319 311 359 312 
320 312 359 360 
321 312 360 313 
322 313 360 361 
323 313 361 314 
324 314 361 362 
325 314 362 315 
326 315 362 363 
327 315 363 316 
328 316 363 364 
329 316 364 317 
330 317 364 365 
331 317 365 318 
332 318 365 366 
333 318 366 319 
334 319 366 367 
335 319 367 320 
336 320 367 368 
337 320 368 321 
338 321 368 369 
339 321 369 322 
340 322 369 370 
341 322 370 323 
342 323 370 371 
343 323 371 324 
344 324 371 372 
345 324 372 325 
346 325 372 373 
347 325 373 326 
348 326 373 374 
349 326 374 327 
350 327 374 375 
351 327 375 328 
352 328 375 376 
353 328 376 329 
354 329 376 377 
355 329 377 330 
356 330 377 378 
357 330 378 331 
358 331 378 379 
359 331 379 332 
360 332 379 380 
361 332 380 333 
362 333 380 381 
363 333 381 334 
364 334 381 382 
365 334 382 335 
366 335 382 383 
367 335 383 336 
368 336 383 384 
369 336 384 337 
370 337 384 385 
371 337 385 338 
372 338 385 386 
373 338 386 339 
374 339 386 387 
375 339 387 340 
376 340 387 388 
377 340 388 341 
378 341 388 389 
379 341 389 342 
380 342 389 390 
381 342 390 343 
382 343 390 391 
383 343 391 344 
384 344 391 392 
385 344 392 345 
386 345 392 393 
387 345 393 346 
388 346 393 394 
389 346 394 347 
390 347 394 395 
391 347 395 348 
392 348 395 396 
393 348 396 349 
394 349 396 397 
395 349 397 350 
396 350 397 398 
397 350 398 351 
398 351 398 399 
399 351 399 352 
400 352 399 400 
401 352 400 353 
402 353 400 401 
403 353 401 354 
404 354 401 402 
405 354 402 142 
406 142 402 141 
407 10 11 355 
408 355 11 403 
409 355 403 356 
410 356 403 404 
411 356 404 357 
412 357 404 405 
413 357 405 358 
414 358 405 406 
415 358 406 359 
416 359 406 407 
417 359 407 360 
418 360 407 408 
419 360 408 361 
420 361 408 409 
421 361 409 362 
422 362 409 410 
423 362 410 363 
424 363 410 411 
425 363 411 364 
426 364 411 412 
427 364 412 365 
428 365 412 413 
429 365 413 366 
430 366 413 414 
431 366 414 367 
432 367 414 415 
433 367 415 368 
434 368 415 416 
435 368 416 369 
436 369 416 417 
437 369 417 370 
438 370 417 418 
439 370 418 371 
440 371 418 419 
441 371 419 372 
442 372 419 420 
443 372 420 373 
444 373 420 421 
445 373 421 374 
446 374 421 422 
447 374 422 375 
448 375 422 423 
449 375 423 376 
450 376 423 424 
451 376 424 377 
452 377 424 425 
453 377 425 378 
454 378 425 426 
455 378 426 379 
456 379 426 427 
457 379 427 380 
458 380 427 428 
459 380 428 381 
460 381 428 429 
461 381 429 382 
462 382 429 430 
463 382 430 383 
464 383 430 431 
465 383 431 384 
466 384 431 432 
467 384 432 385 
468 385 432 433 
469 385 433 386 
470 386 433 434 
471 386 434 387 
472 387 434 435 
473 387 435 388 
474 388 435 436 
475 388 436 389 
476 389 436 437 
477 389 437 390 
478 390 437 438 
479 390 438 391 
480 391 438 439 
481 391 439 392 
482 392 439 440 
483 392 440 393 
484 393 440 441 
485 393 441 394 
486 394 441 442 
487 394 442 395 
488 395 442 443 
489 395 443 396 
490 396 443 444 
491 396 444 397 
492 397 444 445 
493 397 445 398 
494 398 445 446 
495 398 446 399 
496 399 446 447 
497 399 447 400 
498 400 447 448 
499 400 448 401 
500 401 448 449 
501 401 449 402 
502 402 449 450 
503 402 450 141 
504 141 450 140 
505 11 12 403 
506 403 12 451 
507 403 451 404 
508 404 451 452 
509 404 452 405 
510 405 452 453 
511 405 453 406 
512 406 453 454 
513 406 454 407 
514 407 454 455 
515 407 455 408 
516 408 455 456 
517 408 456 409 
518 409 456 457 
519 409 457 410 
520 410 457 458 
521 410 458 411 
522 411 458 459 
523 411 459 412 
524 412 459 460 
525 412 460 413 
526 413 460 461 
527 413 461 414 
528 414 461 462 
529 414 462 415 
530 415 462 463 
531 415 463 416 
532 416 463 464 
533 416 464 417 
534 417 464 465 
535 417 465 418 
536 418 465 466 
537 418 466 419 
538 419 466 467 
539 419 467 420 
540 420 467 468 
541 420 468 421 
542 421 468 469 
543 421 469 422 
544 422 469 470 
545 422 470 423 
546 423 470 471 
547 423 471 424 
548 424 471 472 
549 424 472 425 
550 425 472 473 
551 425 473 426 
552 426 473 474 
553 426 474 427 
554 427 474 475 
555 427 475 428 
556 428 475 476 
557 428 476 429 
558 429 476 477 
559 429 477 430 
560 430 477 478 
561 430 478 431 
562 431 478 479 
563 431 479 432 
564 432 479 480 
565 432 480 433 
566 433 480 481 
567 433 481 434 
568 434 481 482 
569 434 482 435 
570 435 482 483 
571 435 483 436 
572 436 483 484 
573 436 484 437 
574 437 484 485 
575 437 485 438 
576 438 485 486 
577 438 486 439 
578 439 486 487 
579 439 487 440 
580 440 487 488 
581 440 488 441 
582 441 488 489 
583 441 489 442 
584 442 489 490 
585 442 490 443 
586 443 490 491 
587 443 491 444 
588 444 491 492 
589 444 492 445 
590 445 492 493 
591 445 493 446 
592 446 493 494 
593 446 494 447 
594 447 494 495 
595 447 495 448 
596 448 495 496 
597 448 496 449 
598 449 496 497 
599 449 497 450 
600 450 497 498 
601 450 498 140 
602 140 498 139 
603 12 13 451 
604 451 13 499 
605 451 499 452 
606 452 499 500 
607 452 500 453 
608 453 500 501 
609 453 501 454 
610 454 501 502 
611 454 502 455 
612 455 502 503 
613 455 503 456 
614 456 503 504 
615 456 504 457 
616 457 504 505 
617 457 505 458 
618 458 505 506 
619 458 506 459 
620 459 506 507 
621 459 507 460 
622 460 507 508 
623 460 508 461 
624 461 508 509 
625 461 509 462 
626 462 509 510 
627 462 510 463 
628 463 510 511 
629 463 511 464 
630 464 511 512 
631 464 512 465 
632 465 512 513 
633 465 513 466 
634 466 513 514 
635 466 514 467 
636 467 514 515 
637 467 515 468 
638 468 515 516 
639 468 516 469 
640 469 516 517 
641 469 517 470 
642 470 517 518 
643 470 518 471 
644 471 518 519 
645 471 519 472 
646 472 519 520 
647 472 520 473 
648 473 520 521 
649 473 521 474 
650 474 521 522 
651 474 522 475 
652 475 522 523 
653 475 523 476 
654 476 523 524 
655 476 524 477 
656 477 524 525 
657 477 525 478 
658 478 525 526 
659 478 526 479 
660 479 526 527 
661 479 527 480 
662 480 527 528 
663 480 528 481 
664 481 528 529 
665 481 529 482 
666 482 529 530 
667 482 530 483 
668 483 530 531 
669 483 531 484 
670 484 531 532 
671 484 532 485 
672 485 532 533 
673 485 533 486 
674 486 533 534 
675 486 534 487 
676 487 534 535 
677 487 535 488 
678 488 535 536 
679 488 536 489 
680 489 536 537 
681 489 537 490 
682 490 537 538 
683 490 538 491 
684 491 538 539 
685 491 539 492 
686 492 539 540 
687 492 540 493 
688 493 540 541 
689 493 541 494 
690 494 541 542 
691 494 542 495 
692 495 542 543 
693 495 543 496 
694 496 543 544 
695 496 544 497 
696 497 544 545 
697 497 545 498 
698 498 545 546 
699 498 546 139 
700 139 546 138 
701 13 14 499 
702 499 14 547 
703 499 547 500 
704 500 547 548 
705 500 548 501 
706 501 548 549 
707 501 549 502 
708 502 549 550 
709 502 550 503 
710 503 550 551 
711 503 551 504 
712 504 551 552 
713 504 552 505 
714 505 552 553 
715 505 553 506 
716 506 553 554 
717 506 554 507 
718 507 554 555 
719 507 555 508 
720 508 555 556 
721 508 556 509 
722 509 556 557 
723 509 557 510 
724 510 557 558 
725 510 558 511 
726 511 558 559 
727 511 559 512 
728 512 559 560 
729 512 560 513 
730 513 560 561 
731 513 561 514 
732 514 561 562 
733 514 562 515 
734 515 562 563 
735 515 563 516 
736 516 563 564 
737 516 564 517 
738 517 564 565 
739 517 565 518 
740 518 565 566 
741 518 566 519 
742 519 566 567 
743 519 567 520 
744 520 567 568 
745 520 568 521 
746 521 568 569 
747 521 569 522 
748 522 569 570 
749 522 570 523 
750 523 570 571 
751 523 571 524 
752 524 571 572 
753 524 572 525 
754 525 572 573 
755 525 573 526 
756 526 573 574 
757 526 574 527 
758 527 574 575 
759 527 575 528 
760 528 575 576 
761 528 576 529 
762 529 576 577 
763 529 577 530 
764 530 577 578 
765 530 578 531 
766 531 578 579 
767 531 579 532 
768 532 579 580 
769 532 580 533 
770 533 580 581 
771 533 581 534 
772 534 581 582 
773 534 582 535 
774 535 582 583 
775 535 583 536 
776 536 583 584 
777 536 584 537 
778 537 584 585 
779 537 585 538 
780 538 585 586 
781 538 586 539 
782 539 586 587 
783 539 587 540 
784 540 587 588 
785 540 588 541 
786 541 588 589 
787 541 589 542 
788 542 589 590 
789 542 590 543 
790 543 590 591 
791 543 591 544 
792 544 591 592 
793 544 592 545 
794 545 592 593 
795 545 593 546 
796 546 593 594 
797 546 594 138 
798 138 594 137 
799 14 15 547 
800 547 15 595 
801 547 595 548 
802 548 595 596 
803 548 596 549 
804 549 596 597 
805 549 597 550 
806 550 597 598 
807 550 598 551 
808 551 598 599 
809 551 599 552 
810 552 599 600 
811 552 600 553 
812 553 600 601 
813 553 601 554 
814 554 601 602 
815 554 602 555 
816 555 602 603 
817 555 603 556 
818 556 603 604 
819 556 604 557 
820 557 604 605 
821 557 605 558 
822 558 605 606 
823 558 606 559 
824 559 606 607 
825 559 607 560 
826 560 607 608 
827 560 608 561 
828 561 608 609 
829 561 609 562 
830 562 609 610 
831 562 610 563 
832 563 610 611 
833 563 611 564 
834 564 611 612 
835 564 612 565 
836 565 612 613 
837 565 613 566 
838 566 613 614 
839 566 614 567 
840 567 614 615 
841 567 615 568 
842 568 615 616 
843 568 616 569 
844 569 616 617 
845 569 617 570 
846 570 617 618 
847 570 618 571 
848 571 618 619 
849 571 619 572 
850 572 619 620 
851 572 620 573 
852 573 620 621 
853 573 621 574 
854 574 621 622 
855 574 622 575 
856 575 622 623 
857 575 623 576 
858 576 623 624 
859 576 624 577 
860 577 624 625 
861 577 625 578 
862 578 625 626 
863 578 626 579 
864 579 626 627 
865 579 627 580 
866 580 627 628 
867 580 628 581 
868 581 628 629 
869 581 629 582 
870 582 629 630 
871 582 630 583 
872 583 630 631 
873 583 631 584 
874 584 631 632 
875 584 632 585 
876 585 632 633 
877 585 633 586 
878 586 633 634 
879 586 634 587 
880 587 634 635 
881 587 635 588 
882 588 635 636 
883 588 636 589 
884 589 636 637 
885 589 637 590 
886 590 637 638 
887 590 638 591 
888 591 638 639 
889 591 639 592 
890 592 639 640 
891 592 640 593 
892 593 640 641 
893 593 641 594 
894 594 641 642 
895 594 642 137 
896 137 642 136 
897 15 16 595 
898 595 16 643 
899 595 643 596 
900 596 643 644 
901 596 644 597 
902 597 644 645 
903 597 645 598 
904 598 645 646 
905 598 646 599 
906 599 646 647 
907 599 647 600 
908 600 647 648 
909 600 648 601 
910 601 648 649 
911 601 649 602 
912 602 649 650 
913 602 650 603 
914 603 650 651 
915 603 651 604 
916 604 651 652 
917 604 652 605 
918 605 652 653 
919 605 653 606 
920 606 653 654 
921 606 654 607 
922 607 654 655 
923 607 655 608 
924 608 655 656 
925 608 656 609 
926 609 656 657 
927 609 657 610 
928 610 657 658 
929 610 658 611 
930 611 658 659 
931 611 659 612 
932 612 659 660 
933 612 660 613 
934 613 660 661 
935 613 661 614 
936 614 661 662 
937 614 662 615 
938 615 662 663 
939 615 663 616 
940 616 663 664 
941 616 664 617 
942 617 664 665 
943 617 665 618 
944 618 665 666 
945 618 666 619 
946 619 666 667 
947 619 667 620 
948 620 667 668 
949 620 668 621 
950 621 668 669 
951 621 669 622 
952 622 669 670 
953 622 670 623 
954 623 670 671 
955 623 671 624 
956 624 671 672 
957 624 672 625 
958 625 672 673 
959 625 673 626 
960 626 673 674 
961 626 674 627 
962 627 674 675 
963 627 675 628 
964 628 675 676 
965 628 676 629 
966 629 676 677 
967 629 677 630 
968 630 677 678 
969 630 678 631 
970 631 678 679 
971 631 679 632 
972 632 679 680 
973 632 680 633 
974 633 680 681 
975 633 681 634 
976 634 681 682 
977 634 682 635 
978 635 682 683 
979 635 683 636 
980 636 683 684 
981 636 684 637 
982 637 684 685 
983 637 685 638 
984 638 685 686 
985 638 686 639 
986 639 686 687 
987 639 687 640 
988 640 687 688 
989 640 688 641 
990 641 688 689 
991 641 689 642 
992 642 689 690 
993 642 690 136 
994 136 690 135 
995 16 17 643 
996 643 17 691 
997 643 691 644 
998 644 691 692 
999 644 692 645 
1000 645 692 693 
1001 645 693 646 
1002 646 693 694 
1003 646 694 647 
1004 647 694 695 
1005 647 695 648 
1006 648 695 696 
1007 648 696 649 
1008 649 696 697 
1009 649 697 650 
1010 650 697 698 
1011 650 698 651 
1012 651 698 699 
1013 651 699 652 
1014 652 699 700 
1015 652 700 653 
1016 653 700 701 
1017 653 701 654 
1018 654 701 702 
1019 654 702 655 
1020 655 702 703 
1021 655 703 656 
1022 656 703 704 
1023 656 704 657 
1024 657 704 705 
1025 657 705 658 
1026 658 705 706 
1027 658 706 659 
1028 659 706 707 
1029 659 707 660 
1030 660 707 708 
1031 660 708 661 
1032 661 708 709 
1033 661 709 662 
1034 662 709 710 
1035 662 710 663 
1036 663 710 711 
1037 663 711 664 
1038 664 711 712 
1039 664 712 665 
1040 665 712 713 
1041 665 713 666 
1042 666 713 714 
1043 666 714 667 
1044 667 714 715 
1045 667 715 668 
1046 668 715 716 
1047 668 716 669 
1048 669 716 717 
1049 669 717 670 
1050 670 717 718 
1051 670 718 671 
1052 671 718 719 
1053 671 719 672 
1054 672 719 720 
1055 672 720 673 
1056 673 720 721 
1057 673 721 674 
1058 674 721 722 
1059 674 722 675 
1060 675 722 723 
1061 675 723 676 
1062 676 723 724 
1063 676 724 677 
1064 677 724 725 
1065 677 725 678 
1066 678 725 726 
1067 678 726 679 
1068 679 726 727 
1069 679 727 680 
1070 680 727 728 
1071 680 728 681 
1072 681 728 729 
1073 681 729 682 
1074 682 729 730 
1075 682 730 683 
1076 683 730 731 
1077 683 731 684 
1078 684 731 732 
1079 684 732 685 
1080 685 732 733 
1081 685 733 686 
1082 686 733 734 
1083 686 734 687 
1084 687 734 735 
1085 687 735 688 
1086 688 735 736 
1087 688 736 689 
1088 689 736 737 
1089 689 737 690 
1090 690 737 738 
1091 690 738 135 
1092 135 738 134 
1093 17 18 691 
1094 691 18 739 
1095 691 739 692 
1096 692 739 740 
1097 692 740 693 
1098 693 740 741 
1099 693 741 694 
1100 694 741 742 
1101 694 742 695 
1102 695 742 743 
1103 695 743 696 
1104 696 743 744 
1105 696 744 697 
1106 697 744 745 
1107 697 745 698 
1108 698 745 746 
1109 698 746 699 
1110 699 746 747 
1111 699 747 700 
1112 700 747 748 
1113 700 748 701 
1114 701 748 749 
1115 701 749 702 
1116 702 749 750 
1117 702 750 703 
1118 703 750 751 
1119 703 751 704 
1120 704 751 752 
1121 704 752 705 
1122 705 752 753 
1123 705 753 706 
1124 706 753 754 
1125 706 754 707 
1126 707 754 755 
1127 707 755 708 
1128 708 755 756 
1129 708 756 709 
1130 709 756 757 
1131 709 757 710 
1132 710 757 758 
1133 710 758 711 
1134 711 758 759 
1135 711 759 712 
1136 712 759 760 
1137 712 760 713 
1138 713 760 761 
1139 713 761 714 
1140 714 761 762 
1141 714 762 715 
1142 715 762 763 
1143 715 763 716 
1144 716 763 764 
1145 716 764 717 
1146 717 764 765 
1147 717 765 718 
1148 718 765 766 
1149 718 766 719 
1150 719 766 767 
1151 719 767 720 
1152 720 767 768 
1153 720 768 721 
1154 721 768 769 
1155 721 769 722 
1156 722 769 770 
1157 722 770 723 
1158 723 770 771 
1159 723 771 724 
1160 724 771 772 
1161 724 772 725 
1162 725 772 773 
1163 725 773 726 
1164 726 773 774 
1165 726 774 727 
1166 727 774 775 
1167 727 775 728 
1168 728 775 776 
1169 728 776 729 
1170 729 776 777 
1171 729 777 730 
1172 730 777 778 
1173 730 778 731 
1174 731 778 779 
1175 731 779 732 
1176 732 779 780 
1177 732 780 733 
1178 733 780 781 
1179 733 781 734 
1180 734 781 782 
1181 734 782 735 
1182 735 782 783 
1183 735 783 736 
1184 736 783 784 
1185 736 784 737 
1186 737 784 785 
1187 737 785 738 
1188 738 785 786 
1189 738 786 134 
1190 134 786 133 
1191 18 19 739 
1192 739 19 787 
1193 739 787 740 
1194 740 787 788 
1195 740 788 741 
1196 741 788 789 
1197 741 789 742 
1198 742 789 790 
1199 742 790 743 
1200 743 790 791 
1201 743 791 744 
1202 744 791 792 
1203 744 792 745 
1204 745 792 793 
1205 745 793 746 
1206 746 793 794 
1207 746 794 747 
1208 747 794 795 
1209 747 795 748 
1210 748 795 796 
1211 748 796 749 
1212 749 796 797 
1213 749 797 750 
1214 750 797 798 
1215 750 798 751 
1216 751 798 799 
1217 751 799 752 
1218 752 799 800 
1219 752 800 753 
1220 753 800 801 
1221 753 801 754 
1222 754 801 802 
1223 754 802 755 
1224 755 802 803 
1225 755 803 756 
1226 756 803 804 
1227 756 804 757 
1228 757 804 805 
1229 757 805 758 
1230 758 805 806 
1231 758 806 759 
1232 759 806 807 
1233 759 807 760 
1234 760 807 808 
1235 760 808 761 
1236 761 808 809 
1237 761 809 762 
1238 762 809 810 
1239 762 810 763 
1240 763 810 811 
1241 763 811 764 
1242 764 811 812 
1243 764 812 765 
1244 765 812 813 
1245 765 813 766 
1246 766 813 814 
1247 766 814 767 
1248 767 814 815 
1249 767 815 768 
1250 768 815 816 
1251 768 816 769 
1252 769 816 817 
1253 769 817 770 
1254 770 817 818 
1255 770 818 771 
1256 771 818 819 
1257 771 819 772 
1258 772 819 820 
1259 772 820 773 
1260 773 820 821 
1261 773 821 774 
1262 774 821 822 
1263 774 822 775 
1264 775 822 823 
1265 775 823 776 
1266 776 823 824 
1267 776 824 777 
1268 777 824 825 
1269 777 825 778 
1270 778 825 826 
1271 778 826 779 
1272 779 826 827 
1273 779 827 780 
1274 780 827 828 
1275 780 828 781 
1276 781 828 829 
1277 781 829 782 
1278 782 829 830 
1279 782 830 783 
1280 783 830 831 
1281 783 831 784 
1282 784 831 832 
1283 784 832 785 
1284 785 832 833 
1285 785 833 786 
1286 786 833 834 
1287 786 834 133 
1288 133 834 132 
1289 19 20 787 
1290 787 20 835 
1291 787 835 788 
1292 788 835 836 
1293 788 836 789 
1294 789 836 837 
1295 789 837 790 
1296 790 837 838 
1297 790 838 791 
1298 791 838 839 
1299 791 839 792 
1300 792 839 840 
1301 792 840 793 
1302 793 840 841 
1303 793 841 794 
1304 794 841 842 
1305 794 842 795 
1306 795 842 843 
1307 795 843 796 
1308 796 843 844 
1309 796 844 797 
1310 797 844 845 
1311 797 845 798 
1312 798 845 846 
1313 798 846 799 
1314 799 846 847 
1315 799 847 800 
1316 800 847 848 
1317 800 848 801 
1318 801 848 849 
1319 801 849 802 
1320 802 849 850 
1321 802 850 803 
1322 803 850 851 
1323 803 851 804 
1324 804 851 852 
1325 804 852 805 
1326 805 852 853 
1327 805 853 806 
1328 806 853 854 
1329 806 854 807 
1330 807 854 855 
1331 807 855 808 
1332 808 855 856 
1333 808 856 809 
1334 809 856 857 
1335 809 857 810 
1336 810 857 858 
1337 810 858 811 
1338 811 858 859 
1339 811 859 812 
1340 812 859 860 
1341 812 860 813 
1342 813 860 861 
1343 813 861 814 
1344 814 861 862 
1345 814 862 815 
1346 815 862 863 
1347 815 863 816 
1348 816 863 864 
1349 816 864 817 
1350 817 864 865 
1351 817 865 818 
1352 818 865 866 
1353 818 866 819 
1354 819 866 867 
1355 819 867 820 
1356 820 867 868 
1357 820 868 821 
1358 821 868 869 
1359 821 869 822 
1360 822 869 870 
1361 822 870 823 
1362 823 870 871 
1363 823 871 824 
1364 824 871 872 
1365 824 872 825 
1366 825 872 873 
1367 825 873 826 
1368 826 873 874 
1369 826 874 827 
1370 827 874 875 
1371 827 875 828 
1372 828 875 876 
1373 828 876 829 
1374 829 876 877 
1375 829 877 830 
1376 830 877 878 
1377 830 878 831 
1378 831 878 879 
1379 831 879 832 
1380 832 879 880 
1381 832 880 833 
1382 833 880 881 
1383 833 881 834 
1384 834 881 882 
1385 834 882 132 
1386 132 882 131 
1387 20 21 835 
1388 835 21 883 
1389 835 883 836 
1390 836 883 884 
1391 836 884 837 
1392 837 884 885 
1393 837 885 838 
1394 838 885 886 
1395 838 886 839 
1396 839 886 887 
1397 839 887 840 
1398 840 887 888 
1399 840 888 841 
1400 841 888 889 
1401 841 889 842 
1402 842 889 890 
1403 842 890 843 
1404 843 890 891 
1405 843 891 844 
1406 844 891 892 
1407 844 892 845 
1408 845 892 893 
1409 845 893 846 
1410 846 893 894 
1411 846 894 847 
1412 847 894 895 
1413 847 895 848 
1414 848 895 896 
1415 848 896 849 
1416 849 896 897 
1417 849 897 850 
1418 850 897 898 
1419 850 898 851 
1420 851 898 899 
1421 851 899 852 
1422 852 899 900 
1423 852 900 853 
1424 853 900 901 
1425 853 901 854 
1426 854 901 902 
1427 854 902 855 
1428 855 902 903 
1429 855 903 856 
1430 856 903 904 
1431 856 904 857 
1432 857 904 905 
1433 857 905 858 
1434 858 905 906 
1435 858 906 859 
1436 859 906 907 
1437 859 907 860 
1438 860 907 908 
1439 860 908 861 
1440 861 908 909 
1441 861 909 862 
1442 862 909 910 
1443 862 910 863 
1444 863 910 911 
1445 863 911 864 
1446 864 911 912 
1447 864 912 865 
1448 865 912 913 
1449 865 913 866 
1450 866 913 914 
1451 866 914 867 
1452 867 914 915 
1453 867 915 868 
1454 868 915 916 
1455 868 916 869 
1456 869 916 917 
1457 869 917 870 
1458 870 917 918 
1459 870 918 871 
1460 871 918 919 
1461 871 919 872 
1462 872 919 920 
1463 872 920 873 
1464 873 920 921 
1465 873 921 874 
1466 874 921 922 
1467 874 922 875 
1468 875 922 923 
1469 875 923 876 
1470 876 923 924 
1471 876 924 877 
1472 877 924 925 
1473 877 925 878 
1474 878 925 926 
1475 878 926 879 
1476 879 926 927 
1477 879 927 880 
1478 880 927 928 
1479 880 928 881 
1480 881 928 929 
1481 881 929 882 
1482 882 929 930 
1483 882 930 131 
1484 131 930 130 
1485 21 22 883 
1486 883 22 931 
1487 883 931 884 
1488 884 931 932 
1489 884 932 885 
1490 885 932 933 
1491 885 933 886 
1492 886 933 934 
1493 886 934 887 
1494 887 934 935 
1495 887 935 888 
1496 888 935 936 
1497 888 936 889 
1498 889 936 937 
1499 889 937 890 
1500 890 937 938 
1501 890 938 891 
1502 891 938 939 
1503 891 939 892 
1504 892 939 940 
1505 892 940 893 
1506 893 940 941 
1507 893 941 894 
1508 894 941 942 
1509 894 942 895 
1510 895 942 943 
1511 895 943 896 
1512 896 943 944 
1513 896 944 897 
1514 897 944 945 
1515 897 945 898 
1516 898 945 946 
1517 898 946 899 
1518 899 946 947 
1519 899 947 900 
1520 900 947 948 
1521 900 948 901 
1522 901 948 949 
1523 901 949 902 
1524 902 949 950 
1525 902 950 903 
1526 903 950 951 
1527 903 951 904 
1528 904 951 952 
1529 904 952 905 
1530 905 952 953 
1531 905 953 906 
1532 906 953 954 
1533 906 954 907 
1534 907 954 955 
1535 907 955 908 
1536 908 955 956 
1537 908 956 909 
1538 909 956 957 
1539 909 957 910 
1540 910 957 958 
1541 910 958 911 
1542 911 958 959 
1543 911 959 912 
1544 912 959 960 
1545 912 960 913 
1546 913 960 961 
1547 913 961 914 
1548 914 961 962 
1549 914 962 915 
1550 915 962 963 
1551 915 963 916 
1552 916 963 964 
1553 916 964 917 
1554 917 964 965 
1555 917 965 918 
1556 918 965 966 
1557 918 966 919 
1558 919 966 967 
1559 919 967 920 
1560 920 967 968 
1561 920 968 921 
1562 921 968 969 
1563 921 969 922 
1564 922 969 970 
1565 922 970 923 
1566 923 970 971 
1567 923 971 924 
1568 924 971 972 
1569 924 972 925 
1570 925 972 973 
1571 925 973 926 
1572 926 973 974 
1573 926 974 927 
1574 927 974 975 
1575 927 975 928 
1576 928 975 976 
1577 928 976 929 
1578 929 976 977 
1579 929 977 930 
1580 930 977 978 
1581 930 978 130 
1582 130 978 129 
1583 22 23 931 
1584 931 23 979 
1585 931 979 932 
1586 932 979 980 
1587 932 980 933 
1588 933 980 981 
1589 933 981 934 
1590 934 981 982 
1591 934 982 935 
1592 935 982 983 
1593 935 983 936 
1594 936 983 984 
1595 936 984 937 
1596 937 984 985 
1597 937 985 938 
1598 938 985 986 
1599 938 986 939 
1600 939 986 987 
1601 939 987 940 
1602 940 987 988 
1603 940 988 941 
1604 941 988 989 
1605 941 989 942 
1606 942 989 990 
1607 942 990 943 
1608 943 990 991 
1609 943 991 944 
1610 944 991 992 
1611 944 992 945 
1612 945 992 993 
1613 945 993 946 
1614 946 993 994 
1615 946 994 947 
1616 947 994 995 
1617 947 995 948 
1618 948 995 996 
1619 948 996 949 
1620 949 996 997 
1621 949 997 950 
1622 950 997 998 
1623 950 998 951 
1624 951 998 999 
1625 951 999 952 
1626 952 999 1000 
1627 952 1000 953 
1628 953 1000 1001 
1629 953 1001 954 
1630 954 1001 1002 
1631 954 1002 955 
1632 955 1002 1003 
1633 955 1003 956 
1634 956 1003 1004 
1635 956 1004 957 
1636 957 1004 1005 
1637 957 1005 958 
1638 958 1005 1006 
1639 958 1006 959 
1640 959 1006 1007 
1641 959 1007 960 
1642 960 1007 1008 
1643 960 1008 961 
1644 961 1008 1009 
1645 961 1009 962 
1646 962 1009 1010 
1647 962 1010 963 
1648 963 1010 1011 
1649 963 1011 964 
1650 964 1011 1012 
1651 964 1012 965 
1652 965 1012 1013 
1653 965 1013 966 
1654 966 1013 1014 
1655 966 1014 967 
1656 967 1014 1015 
1657 967 1015 968 
1658 968 1015 1016 
1659 968 1016 969 
1660 969 1016 1017 
1661 969 1017 970 
1662 970 1017 1018 
1663 970 1018 971 
1664 971 1018 1019 
1665 971 1019 972 
1666 972 1019 1020 
1667 972 1020 973 
1668 973 1020 1021 
1669 973 1021 974 
1670 974 1021 1022 
1671 974 1022 975 
1672 975 1022 1023 
1673 975 1023 976 
1674 976 1023 1024 
1675 976 1024 977 
1676 977 1024 1025 
1677 977 1025 978 
1678 978 1025 1026 
1679 978 1026 129 
1680 129 1026 128 
1681 23 24 979 
1682 979 24 1027 
1683 979 1027 980 
1684 980 1027 1028 
1685 980 1028 981 
1686 981 1028 1029 
1687 981 1029 982 
1688 982 1029 1030 
1689 982 1030 983 
1690 983 1030 1031 
1691 983 1031 984 
1692 984 1031 1032 
1693 984 1032 985 
1694 985 1032 1033 
1695 985 1033 986 
1696 986 1033 1034 
1697 986 1034 987 
1698 987 1034 1035 
1699 987 1035 988 
1700 988 1035 1036 
1701 988 1036 989 
1702 989 1036 1037 
1703 989 1037 990 
1704 990 1037 1038 
1705 990 1038 991 
1706 991 1038 1039 
1707 991 1039 992 
1708 992 1039 1040 
1709 992 1040 993 
1710 993 1040 1041 
1711 993 1041 994 
1712 994 1041 1042 
1713 994 1042 995 
1714 995 1042 1043 
1715 995 1043 996 
1716 996 1043 1044 
1717 996 1044 997 
1718 997 1044 1045 
1719 997 1045 998 
1720 998 1045 1046 
1721 998 1046 999 
1722 999 1046 1047 
1723 999 1047 1000 
1724 1000 1047 1048 
1725 1000 1048 1001 
1726 1001 1048 1049 
1727 1001 1049 1002 
1728 1002 1049 1050 
1729 1002 1050 1003 
1730 1003 1050 1051 
1731 1003 1051 1004 
1732 1004 1051 1052 
1733 1004 1052 1005 
1734 1005 1052 1053 
1735 1005 1053 1006 
1736 1006 1053 1054 
1737 1006 1054 1007 
1738 1007 1054 1055 
1739 1007 1055 1008 
1740 1008 1055 1056 
1741 1008 1056 1009 
1742 1009 1056 1057 
1743 1009 1057 1010 
1744 1010 1057 1058 
1745 1010 1058 1011 
1746 1011 1058 1059 
1747 1011 1059 1012 
1748 1012 1059 1060 
1749 1012 1060 1013 
1750 1013 1060 1061 
1751 1013 1061 1014 
1752 1014 1061 1062 
1753 1014 1062 1015 
1754 1015 1062 1063 
1755 1015 1063 1016 
1756 1016 1063 1064 
1757 1016 1064 1017 
1758 1017 1064 1065 
1759 1017 1065 1018 
1760 1018 1065 1066 
1761 1018 1066 1019 
1762 1019 1066 1067 
1763 1019 1067 1020 
1764 1020 1067 1068 
1765 1020 1068 1021 
1766 1021 1068 1069 
1767 1021 1069 1022 
1768 1022 1069 1070 
1769 1022 1070 1023 
1770 1023 1070 1071 
1771 1023 1071 1024 
1772 1024 1071 1072 
1773 1024 1072 1025 
1774 1025 1072 1073 
1775 1025 1073 1026 
1776 1026 1073 1074 
1777 1026 1074 128 
1778 128 1074 127 
1779 24 25 1027 
1780 1027 25 1075 
1781 1027 1075 1028 
1782 1028 1075 1076 
1783 1028 1076 1029 
1784 1029 1076 1077 
1785 1029 1077 1030 
1786 1030 1077 1078 
1787 1030 1078 1031 
1788 1031 1078 1079 
1789 1031 1079 1032 
1790 1032 1079 1080 
1791 1032 1080 1033 
1792 1033 1080 1081 
1793 1033 1081 1034 
1794 1034 1081 1082 
1795 1034 1082 1035 
1796 1035 1082 1083 
1797 1035 1083 1036 
1798 1036 1083 1084 
1799 1036 1084 1037 
1800 1037 1084 1085 
1801 1037 1085 1038 
1802 1038 1085 1086 
1803 1038 1086 1039 
1804 1039 1086 1087 
1805 1039 1087 1040 
1806 1040 1087 1088 
1807 1040 1088 1041 
1808 1041 1088 1089 
1809 1041 1089 1042 
1810 1042 1089 1090 
1811 1042 1090 1043 
1812 1043 1090 1091 
1813 1043 1091 1044 
1814 1044 1091 1092 
1815 1044 1092 1045 
1816 1045 1092 1093 
1817 1045 1093 1046 
1818 1046 1093 1094 
1819 1046 1094 1047 
1820 1047 1094 1095 
1821 1047 1095 1048 
1822 1048 1095 1096 
1823 1048 1096 1049 
1824 1049 1096 1097 
1825 1049 1097 1050 
1826 1050 1097 1098 
1827 1050 1098 1051 
1828 1051 1098 1099 
1829 1051 1099 1052 
1830 1052 1099 1100 
1831 1052 1100 1053 
1832 1053 1100 1101 
1833 1053 1101 1054 
1834 1054 1101 1102 
1835 1054 1102 1055 
1836 1055 1102 1103 
1837 1055 1103 1056 
1838 1056 1103 1104 
1839 1056 1104 1057 
1840 1057 1104 1105 
1841 1057 1105 1058 
1842 1058 1105 1106 
1843 1058 1106 1059 
1844 1059 1106 1107 
1845 1059 1107 1060 
1846 1060 1107 1108 
1847 1060 1108 1061 
1848 1061 1108 1109 
1849 1061 1109 1062 
1850 1062 1109 1110 
1851 1062 1110 1063 
1852 1063 1110 1111 
1853 1063 1111 1064 
1854 1064 1111 1112 
1855 1064 1112 1065 
1856 1065 1112 1113 
1857 1065 1113 1066 
1858 1066 1113 1114 
1859 1066 1114 1067 
1860 1067 1114 1115 
1861 1067 1115 1068 
1862 1068 1115 1116 
1863 1068 1116 1069 
1864 1069 1116 1117 
1865 1069 1117 1070 
1866 1070 1117 1118 
1867 1070 1118 1071 
1868 1071 1118 1119 
1869 1071 1119 1072 
1870 1072 1119 1120 
1871 1072 1120 1073 
1872 1073 1120 1121 
1873 1073 1121 1074 
1874 1074 1121 1122 
1875 1074 1122 127 
1876 127 1122 126 
1877 25 26 1075 
1878 1075 26 1123 
1879 1075 1123 1076 
1880 1076 1123 1124 
1881 1076 1124 1077 
1882 1077 1124 1125 
1883 1077 1125 1078 
1884 1078 1125 1126 
1885 1078 1126 1079 
1886 1079 1126 1127 
1887 1079 1127 1080 
1888 1080 1127 1128 
1889 1080 1128 1081 
1890 1081 1128 1129 
1891 1081 1129 1082 
1892 1082 1129 1130 
1893 1082 1130 1083 
1894 1083 1130 1131 
1895 1083 1131 1084 
1896 1084 1131 1132 
1897 1084 1132 1085 
1898 1085 1132 1133 
1899 1085 1133 1086 
1900 1086 1133 1134 
1901 1086 1134 1087 
1902 1087 1134 1135 
1903 1087 1135 1088 
1904 1088 1135 1136 
1905 1088 1136 1089 
1906 1089 1136 1137 
1907 1089 1137 1090 
1908 1090 1137 1138 
1909 1090 1138 1091 
1910 1091 1138 1139 
1911 1091 1139 1092 
1912 1092 1139 1140 
1913 1092 1140 1093 
1914 1093 1140 1141 
1915 1093 1141 1094 
1916 1094 1141 1142 
1917 1094 1142 1095 
1918 1095 1142 1143 
1919 1095 1143 1096 
1920 1096 1143 1144 
1921 1096 1144 1097 
1922 1097 1144 1145 
1923 1097 1145 1098 
1924 1098 1145 1146 
1925 1098 1146 1099 
1926 1099 1146 1147 
1927 1099 1147 1100 
1928 1100 1147 1148 
1929 1100 1148 1101 
1930 1101 1148 1149 
1931 1101 1149 1102 
1932 1102 1149 1150 
1933 1102 1150 1103 
1934 1103 1150 1151 
1935 1103 1151 1104 
1936 1104 1151 1152 
1937 1104 1152 1105 
1938 1105 1152 1153 
1939 1105 1153 1106 
1940 1106 1153 1154 
1941 1106 1154 1107 
1942 1107 1154 1155 
1943 1107 1155 1108 
1944 1108 1155 1156 
1945 1108 1156 1109 
1946 1109 1156 1157 
1947 1109 1157 1110 
1948 1110 1157 1158 
1949 1110 1158 1111 
1950 1111 1158 1159 
1951 1111 1159 1112 
1952 1112 1159 1160 
1953 1112 1160 1113 
1954 1113 1160 1161 
1955 1113 1161 1114 
1956 1114 1161 1162 
1957 1114 1162 1115 
1958 1115 1162 1163 
1959 1115 1163 1116 
1960 1116 1163 1164 
1961 1116 1164 1117 
1962 1117 1164 1165 
1963 1117 1165 1118 
1964 1118 1165 1166 
1965 1118 1166 1119 
1966 1119 1166 1167 
1967 1119 1167 1120 
1968 1120 1167 1168 
1969 1120 1168 1121 
1970 1121 1168 1169 
1971 1121 1169 1122 
1972 1122 1169 1170 
1973 1122 1170 126 
1974 126 1170 125 
1975 26 27 1123 
1976 1123 27 1171 
1977 1123 1171 1124 
1978 1124 1171 1172 
1979 1124 1172 1125 
1980 1125 1172 1173 
1981 1125 1173 1126 
1982 1126 1173 1174 
1983 1126 1174 1127 
1984 1127 1174 1175 
1985 1127 1175 1128 
1986 1128 1175 1176 
1987 1128 1176 1129 
1988 1129 1176 1177 
1989 1129 1177 1130 
1990 1130 1177 1178 
1991 1130 1178 1131 
1992 1131 1178 1179 
1993 1131 1179 1132 
1994 1132 1179 1180 
1995 1132 1180 1133 
1996 1133 1180 1181 
1997 1133 1181 1134 
1998 1134 1181 1182 
1999 1134 1182 1135 
2000 1135 1182 1183 
2001 1135 1183 1136 
2002 1136 1183 1184 
2003 1136 1184 1137 
2004 1137 1184 1185 
2005 1137 1185 1138 
2006 1138 1185 1186 
2007 1138 1186 1139 
2008 1139 1186 1187 
2009 1139 1187 1140 
2010 1140 1187 1188 
2011 1140 1188 1141 
2012 1141 1188 1189 
2013 1141 1189 1142 
2014 1142 1189 1190 
2015 1142 1190 1143 
2016 1143 1190 1191 
2017 1143 1191 1144 
2018 1144 1191 1192 
2019 1144 1192 1145 
2020 1145 1192 1193 
2021 1145 1193 1146 
2022 1146 1193 1194 
2023 1146 1194 1147 
2024 1147 1194 1195 
2025 1147 1195 1148 
2026 1148 1195 1196 
2027 1148 1196 1149 
2028 1149 1196 1197 
2029 1149 1197 1150 
2030 1150 1197 1198 
2031 1150 1198 1151 
2032 1151 1198 1199 
2033 1151 1199 1152 
2034 1152 1199 1200 
2035 1152 1200 1153 
2036 1153 1200 1201 
2037 1153 1201 1154 
2038 1154 1201 1202 
2039 1154 1202 1155 
2040 1155 1202 1203 
2041 1155 1203 1156 
2042 1156 1203 1204 
2043 1156 1204 1157 
2044 1157 1204 1205 
2045 1157 1205 1158 
2046 1158 1205 1206 
2047 1158 1206 1159 
2048 1159 1206 1207 
2049 1159 1207 1160 
2050 1160 1207 1208 
2051 1160 1208 1161 
2052 1161 1208 1209 
2053 1161 1209 1162 
2054 1162 1209 1210 
2055 1162 1210 1163 
2056 1163 1210 1211 
2057 1163 1211 1164 
2058 1164 1211 1212 
2059 1164 1212 1165 
2060 1165 1212 1213 
2061 1165 1213 1166 
2062 1166 1213 1214 
2063 1166 1214 1167 
2064 1167 1214 1215 
2065 1167 1215 1168 
2066 1168 1215 1216 
2067 1168 1216 1169 
2068 1169 1216 1217 
2069 1169 1217 1170 
2070 1170 1217 1218 
2071 1170 1218 125 
2072 125 1218 124 
2073 27 28 1171 
2074 1171 28 1219 
2075 1171 1219 1172 
2076 1172 1219 1220 
2077 1172 1220 1173 
2078 1173 1220 1221 
2079 1173 1221 1174 
2080 1174 1221 1222 
2081 1174 1222 1175 
2082 1175 1222 1223 
2083 1175 1223 1176 
2084 1176 1223 1224 
2085 1176 1224 1177 
2086 1177 1224 1225 
2087 1177 1225 1178 
2088 1178 1225 1226 
2089 1178 1226 1179 
2090 1179 1226 1227 
2091 1179 1227 1180 
2092 1180 1227 1228 
2093 1180 1228 1181 
2094 1181 1228 1229 
2095 1181 1229 1182 
2096 1182 1229 1230 
2097 1182 1230 1183 
2098 1183 1230 1231 
2099 1183 1231 1184 
2100 1184 1231 1232 
2101 1184 1232 1185 
2102 1185 1232 1233 
2103 1185 1233 1186 
2104 1186 1233 1234 
2105 1186 1234 1187 
2106 1187 1234 1235 
2107 1187 1235 1188 
2108 1188 1235 1236 
2109 1188 1236 1189 
2110 1189 1236 1237 
2111 1189 1237 1190 
2112 1190 1237 1238 
2113 1190 1238 1191 
2114 1191 1238 1239 
2115 1191 1239 1192 
2116 1192 1239 1240 
2117 1192 1240 1193 
2118 1193 1240 1241 
2119 1193 1241 1194 
2120 1194 1241 1242 
2121 1194 1242 1195 
2122 1195 1242 1243 
2123 1195 1243 1196 
2124 1196 1243 1244 
2125 1196 1244 1197 
2126 1197 1244 1245 
2127 1197 1245 1198 
2128 1198 1245 1246 
2129 1198 1246 1199 
2130 1199 1246 1247 
2131 1199 1247 1200 
2132 1200 1247 1248 
2133 1200 1248 1201 
2134 1201 1248 1249 
2135 1201 1249 1202 
2136 1202 1249 1250 
2137 1202 1250 1203 
2138 1203 1250 1251 
2139 1203 1251 1204 
2140 1204 1251 1252 
2141 1204 1252 1205 
2142 1205 1252 1253 
2143 1205 1253 1206 
2144 1206 1253 1254 
2145 1206 1254 1207 
2146 1207 1254 1255 
2147 1207 1255 1208 
2148 1208 1255 1256 
2149 1208 1256 1209 
2150 1209 1256 1257 
2151 1209 1257 1210 
2152 1210 1257 1258 
2153 1210 1258 1211 
2154 1211 1258 1259 
2155 1211 1259 1212 
2156 1212 1259 1260 
2157 1212 1260 1213 
2158 1213 1260 1261 
2159 1213 1261 1214 
2160 1214 1261 1262 
2161 1214 1262 1215 
2162 1215 1262 1263 
2163 1215 1263 1216 
2164 1216 1263 1264 
2165 1216 1264 1217 
2166 1217 1264 1265 
2167 1217 1265 1218 
2168 1218 1265 1266 
2169 1218 1266 124 
2170 124 1266 123 
2171 28 29 1219 
2172 1219 29 1267 
2173 1219 1267 1220 
2174 1220 1267 1268 
2175 1220 1268 1221 
2176 1221 1268 1269 
2177 1221 1269 1222 
2178 1222 1269 1270 
2179 1222 1270 1223 
2180 1223 1270 1271 
2181 1223 1271 1224 
2182 1224 1271 1272 
2183 1224 1272 1225 
2184 1225 1272 1273 
2185 1225 1273 1226 
2186 1226 1273 1274 
2187 1226 1274 1227 
2188 1227 1274 1275 
2189 1227 1275 1228 
2190 1228 1275 1276 
2191 1228 1276 1229 
2192 1229 1276 1277 
2193 1229 1277 1230 
2194 1230 1277 1278 
2195 1230 1278 1231 
2196 1231 1278 1279 
2197 1231 1279 1232 
2198 1232 1279 1280 
2199 1232 1280 1233 
2200 1233 1280 1281 
2201 1233 1281 1234 
2202 1234 1281 1282 
2203 1234 1282 1235 
2204 1235 1282 1283 
2205 1235 1283 1236 
2206 1236 1283 1284 
2207 1236 1284 1237 
2208 1237 1284 1285 
2209 1237 1285 1238 
2210 1238 1285 1286 
2211 1238 1286 1239 
2212 1239 1286 1287 
2213 1239 1287 1240 
2214 1240 1287 1288 
2215 1240 1288 1241 
2216 1241 1288 1289 
2217 1241 1289 1242 
2218 1242 1289 1290 
2219 1242 1290 1243 
2220 1243 1290 1291 
2221 1243 1291 1244 
2222 1244 1291 1292 
2223 1244 1292 1245 
2224 1245 1292 1293 
2225 1245 1293 1246 
2226 1246 1293 1294 
2227 1246 1294 1247 
2228 1247 1294 1295 
2229 1247 1295 1248 
2230 1248 1295 1296 
2231 1248 1296 1249 
2232 1249 1296 1297 
2233 1249 1297 1250 
2234 1250 1297 1298 
2235 1250 1298 1251 
2236 1251 1298 1299 
2237 1251 1299 1252 
2238 1252 1299 1300 
2239 1252 1300 1253 
2240 1253 1300 1301 
2241 1253 1301 1254 
2242 1254 1301 1302 
2243 1254 1302 1255 
2244 1255 1302 1303 
2245 1255 1303 1256 
2246 1256 1303 1304 
2247 1256 1304 1257 
2248 1257 1304 1305 
2249 1257 1305 1258 
2250 1258 1305 1306 
2251 1258 1306 1259 
2252 1259 1306 1307 
2253 1259 1307 1260 
2254 1260 1307 1308 
2255 1260 1308 1261 
2256 1261 1308 1309 
2257 1261 1309 1262 
2258 1262 1309 1310 
2259 1262 1310 1263 
2260 1263 1310 1311 
2261 1263 1311 1264 
2262 1264 1311 1312 
2263 1264 1312 1265 
2264 1265 1312 1313 
2265 1265 1313 1266 
2266 1266 1313 1314 
2267 1266 1314 123 
2268 123 1314 122 
2269 29 30 1267 
2270 1267 30 1315 
2271 1267 1315 1268 
2272 1268 1315 1316 
2273 1268 1316 1269 
2274 1269 1316 1317 
2275 1269 1317 1270 
2276 1270 1317 1318 
2277 1270 1318 1271 
2278 1271 1318 1319 
2279 1271 1319 1272 
2280 1272 1319 1320 
2281 1272 1320 1273 
2282 1273 1320 1321 
2283 1273 1321 1274 
2284 1274 1321 1322 
2285 1274 1322 1275 
2286 1275 1322 1323 
2287 1275 1323 1276 
2288 1276 1323 1324 
2289 1276 1324 1277 
2290 1277 1324 1325 
2291 1277 1325 1278 
2292 1278 1325 1326 
2293 1278 1326 1279 
2294 1279 1326 1327 
2295 1279 1327 1280 
2296 1280 1327 1328 
2297 1280 1328 1281 
2298 1281 1328 1329 
2299 1281 1329 1282 
2300 1282 1329 1330 
2301 1282 1330 1283 
2302 1283 1330 1331 
2303 1283 1331 1284 
2304 1284 1331 1332 
2305 1284 1332 1285 
2306 1285 1332 1333 
2307 1285 1333 1286 
2308 1286 1333 1334 
2309 1286 1334 1287 
2310 1287 1334 1335 
2311 1287 1335 1288 
2312 1288 1335 1336 
2313 1288 1336 1289 
2314 1289 1336 1337 
2315 1289 1337 1290 
2316 1290 1337 1338 
2317 1290 1338 1291 
2318 1291 1338 1339 
2319 1291 1339 1292 
2320 1292 1339 1340 
2321 1292 1340 1293 
2322 1293 1340 1341 
2323 1293 1341 1294 
2324 1294 1341 1342 
2325 1294 1342 1295 
2326 1295 1342 1343 
2327 1295 1343 1296 
2328 1296 1343 1344 
2329 1296 1344 1297 
2330 1297 1344 1345 
2331 1297 1345 1298 
2332 1298 1345 1346 
2333 1298 1346 1299 
2334 1299 1346 1347 
2335 1299 1347 1300 
2336 1300 1347 1348 
2337 1300 1348 1301 
2338 1301 1348 1349 
2339 1301 1349 1302 
2340 1302 1349 1350 
2341 1302 1350 1303 
2342 1303 1350 1351 
2343 1303 1351 1304 
2344 1304 1351 1352 
2345 1304 1352 1305 
2346 1305 1352 1353 
2347 1305 1353 1306 
2348 1306 1353 1354 
2349 1306 1354 1307 
2350 1307 1354 1355 
2351 1307 1355 1308 
2352 1308 1355 1356 
2353 1308 1356 1309 
2354 1309 1356 1357 
2355 1309 1357 1310 
2356 1310 1357 1358 
2357 1310 1358 1311 
2358 1311 1358 1359 
2359 1311 1359 1312 
2360 1312 1359 1360 
2361 1312 1360 1313 
2362 1313 1360 1361 
2363 1313 1361 1314 
2364 1314 1361 1362 
2365 1314 1362 122 
2366 122 1362 121 
2367 30 31 1315 
2368 1315 31 1363 
2369 1315 1363 1316 
2370 1316 1363 1364 
2371 1316 1364 1317 
2372 1317 1364 1365 
2373 1317 1365 1318 
2374 1318 1365 1366 
2375 1318 1366 1319 
2376 1319 1366 1367 
2377 1319 1367 1320 
2378 1320 1367 1368 
2379 1320 1368 1321 
2380 1321 1368 1369 
2381 1321 1369 1322 
2382 1322 1369 1370 
2383 1322 1370 1323 
2384 1323 1370 1371 
2385 1323 1371 1324 
2386 1324 1371 1372 
2387 1324 1372 1325 
2388 1325 1372 1373 
2389 1325 1373 1326 
2390 1326 1373 1374 
2391 1326 1374 1327 
2392 1327 1374 1375 
2393 1327 1375 1328 
2394 1328 1375 1376 
2395 1328 1376 1329 
2396 1329 1376 1377 
2397 1329 1377 1330 
2398 1330 1377 1378 
2399 1330 1378 1331 
2400 1331 1378 1379 
2401 1331 1379 1332 
2402 1332 1379 1380 
2403 1332 1380 1333 
2404 1333 1380 1381 
2405 1333 1381 1334 
2406 1334 1381 1382 
2407 1334 1382 1335 
2408 1335 1382 1383 
2409 1335 1383 1336 
2410 1336 1383 1384 
2411 1336 1384 1337 
2412 1337 1384 1385 
2413 1337 1385 1338 
2414 1338 1385 1386 
2415 1338 1386 1339 
2416 1339 1386 1387 
2417 1339 1387 1340 
2418 1340 1387 1388 
2419 1340 1388 1341 
2420 1341 1388 1389 
2421 1341 1389 1342 
2422 1342 1389 1390 
2423 1342 1390 1343 
2424 1343 1390 1391 
2425 1343 1391 1344 
2426 1344 1391 1392 
2427 1344 1392 1345 
2428 1345 1392 1393 
2429 1345 1393 1346 
2430 1346 1393 1394 
2431 1346 1394 1347 
2432 1347 1394 1395 
2433 1347 1395 1348 
2434 1348 1395 1396 
2435 1348 1396 1349 
2436 1349 1396 1397 
2437 1349 1397 1350 
2438 1350 1397 1398 
2439 1350 1398 1351 
2440 1351 1398 1399 
2441 1351 1399 1352 
2442 1352 1399 1400 
2443 1352 1400 1353 
2444 1353 1400 1401 
2445 1353 1401 1354 
2446 1354 1401 1402 
2447 1354 1402 1355 
2448 1355 1402 1403 
2449 1355 1403 1356 
2450 1356 1403 1404 
2451 1356 1404 1357 
2452 1357 1404 1405 
2453 1357 1405 1358 
2454 1358 1405 1406 
2455 1358 1406 1359 
2456 1359 1406 1407 
2457 1359 1407 1360 
2458 1360 1407 1408 
2459 1360 1408 1361 
2460 1361 1408 1409 
2461 1361 1409 1362 
2462 1362 1409 1410 
2463 1362 1410 121 
2464 121 1410 120 
2465 31 32 1363 
2466 1363 32 1411 
2467 1363 1411 1364 
2468 1364 1411 1412 
2469 1364 1412 1365 
2470 1365 1412 1413 
2471 1365 1413 1366 
2472 1366 1413 1414 
2473 1366 1414 1367 
2474 1367 1414 1415 
2475 1367 1415 1368 
2476 1368 1415 1416 
2477 1368 1416 1369 
2478 1369 1416 1417 
2479 1369 1417 1370 
2480 1370 1417 1418 
2481 1370 1418 1371 
2482 1371 1418 1419 
2483 1371 1419 1372 
2484 1372 1419 1420 
2485 1372 1420 1373 
2486 1373 1420 1421 
2487 1373 1421 1374 
2488 1374 1421 1422 
2489 1374 1422 1375 
2490 1375 1422 1423 
2491 1375 1423 1376 
2492 1376 1423 1424 
2493 1376 1424 1377 
2494 1377 1424 1425 
2495 1377 1425 1378 
2496 1378 1425 1426 
2497 1378 1426 1379 
2498 1379 1426 1427 
2499 1379 1427 1380 
2500 1380 1427 1428 
2501 1380 1428 1381 
2502 1381 1428 1429 
2503 1381 1429 1382 
2504 1382 1429 1430 
2505 1382 1430 1383 
2506 1383 1430 1431 
2507 1383 1431 1384 
2508 1384 1431 1432 
2509 1384 1432 1385 
2510 1385 1432 1433 
2511 1385 1433 1386 
2512 1386 1433 1434 
2513 1386 1434 1387 
2514 1387 1434 1435 
2515 1387 1435 1388 
2516 1388 1435 1436 
2517 1388 1436 1389 
2518 1389 1436 1437 
2519 1389 1437 1390 
2520 1390 1437 1438 
2521 1390 1438 1391 
2522 1391 1438 1439 
2523 1391 1439 1392 
2524 1392 1439 1440 
2525 1392 1440 1393 
2526 1393 1440 1441 
2527 1393 1441 1394 
2528 1394 1441 1442 
2529 1394 1442 1395 
2530 1395 1442 1443 
2531 1395 1443 1396 
2532 1396 1443 1444 
2533 1396 1444 1397 
2534 1397 1444 1445 
2535 1397 1445 1398 
2536 1398 1445 1446 
2537 1398 1446 1399 
2538 1399 1446 1447 
2539 1399 1447 1400 
2540 1400 1447 1448 
2541 1400 1448 1401 
2542 1401 1448 1449 
2543 1401 1449 1402 
2544 1402 1449 1450 
2545 1402 1450 1403 
2546 1403 1450 1451 
2547 1403 1451 1404 
2548 1404 1451 1452 
2549 1404 1452 1405 
2550 1405 1452 1453 
2551 1405 1453 1406 
2552 1406 1453 1454 
2553 1406 1454 1407 
2554 1407 1454 1455 
2555 1407 1455 1408 
2556 1408 1455 1456 
2557 1408 1456 1409 
2558 1409 1456 1457 
2559 1409 1457 1410 
2560 1410 1457 1458 
2561 1410 1458 120 
2562 120 1458 119 
2563 32 33 1411 
2564 1411 33 1459 
2565 1411 1459 1412 
2566 1412 1459 1460 
2567 1412 1460 1413 
2568 1413 1460 1461 
2569 1413 1461 1414 
2570 1414 1461 1462 
2571 1414 1462 1415 
2572 1415 1462 1463 
2573 1415 1463 1416 
2574 1416 1463 1464 
2575 1416 1464 1417 
2576 1417 1464 1465 
2577 1417 1465 1418 
2578 1418 1465 1466 
2579 1418 1466 1419 
2580 1419 1466 1467 
2581 1419 1467 1420 
2582 1420 1467 1468 
2583 1420 1468 1421 
2584 1421 1468 1469 
2585 1421 1469 1422 
2586 1422 1469 1470 
2587 1422 1470 1423 
2588 1423 1470 1471 
2589 1423 1471 1424 
2590 1424 1471 1472 
2591 1424 1472 1425 
2592 1425 1472 1473 
2593 1425 1473 1426 
2594 1426 1473 1474 
2595 1426 1474 1427 
2596 1427 1474 1475 
2597 1427 1475 1428 
2598 1428 1475 1476 
2599 1428 1476 1429 
2600 1429 1476 1477 
2601 1429 1477 1430 
2602 1430 1477 1478 
2603 1430 1478 1431 
2604 1431 1478 1479 
2605 1431 1479 1432 
2606 1432 1479 1480 
2607 1432 1480 1433 
2608 1433 1480 1481 
2609 1433 1481 1434 
2610 1434 1481 1482 
2611 1434 1482 1435 
2612 1435 1482 1483 
2613 1435 1483 1436 
2614 1436 1483 1484 
2615 1436 1484 1437 
2616 1437 1484 1485 
2617 1437 1485 1438 
2618 1438 1485 1486 
2619 1438 1486 1439 
2620 1439 1486 1487 
2621 1439 1487 1440 
2622 1440 1487 1488 
2623 1440 1488 1441 
2624 1441 1488 1489 
2625 1441 1489 1442 
2626 1442 1489 1490 
2627 1442 1490 1443 
2628 1443 1490 1491 
2629 1443 1491 1444 
2630 1444 1491 1492 
2631 1444 1492 1445 
2632 1445 1492 1493 
2633 1445 1493 1446 
2634 1446 1493 1494 
2635 1446 1494 1447 
2636 1447 1494 1495 
2637 1447 1495 1448 
2638 1448 1495 1496 
2639 1448 1496 1449 
2640 1449 1496 1497 
2641 1449 1497 1450 
2642 1450 1497 1498 
2643 1450 1498 1451 
2644 1451 1498 1499 
2645 1451 1499 1452 
2646 1452 1499 1500 
2647 1452 1500 1453 
2648 1453 1500 1501 
2649 1453 1501 1454 
2650 1454 1501 1502 
2651 1454 1502 1455 
2652 1455 1502 1503 
2653 1455 1503 1456 
2654 1456 1503 1504 
2655 1456 1504 1457 
2656 1457 1504 1505 
2657 1457 1505 1458 
2658 1458 1505 1506 
2659 1458 1506 119 
2660 119 1506 118 
2661 33 34 1459 
2662 1459 34 1507 
2663 1459 1507 1460 
2664 1460 1507 1508 
2665 1460 1508 1461 
2666 1461 1508 1509 
2667 1461 1509 1462 
2668 1462 1509 1510 
2669 1462 1510 1463 
2670 1463 1510 1511 
2671 1463 1511 1464 
2672 1464 1511 1512 
2673 1464 1512 1465 
2674 1465 1512 1513 
2675 1465 1513 1466 
2676 1466 1513 1514 
2677 1466 1514 1467 
2678 1467 1514 1515 
2679 1467 1515 1468 
2680 1468 1515 1516 
2681 1468 1516 1469 
2682 1469 1516 1517 
2683 1469 1517 1470 
2684 1470 1517 1518 
2685 1470 1518 1471 
2686 1471 1518 1519 
2687 1471 1519 1472 
2688 1472 1519 1520 
2689 1472 1520 1473 
2690 1473 1520 1521 
2691 1473 1521 1474 
2692 1474 1521 1522 
2693 1474 1522 1475 
2694 1475 1522 1523 
2695 1475 1523 1476 
2696 1476 1523 1524 
2697 1476 1524 1477 
2698 1477 1524 1525 
2699 1477 1525 1478 
2700 1478 1525 1526 
2701 1478 1526 1479 
2702 1479 1526 1527 
2703 1479 1527 1480 
2704 1480 1527 1528 
2705 1480 1528 1481 
2706 1481 1528 1529 
2707 1481 1529 1482 
2708 1482 1529 1530 
2709 1482 1530 1483 
2710 1483 1530 1531 
2711 1483 1531 1484 
2712 1484 1531 1532 
2713 1484 1532 1485 
2714 1485 1532 1533 
2715 1485 1533 1486 
2716 1486 1533 1534 
2717 1486 1534 1487 
2718 1487 1534 1535 
2719 1487 1535 1488 
2720 1488 1535 1536 
2721 1488 1536 1489 
2722 1489 1536 1537 
2723 1489 1537 1490 
2724 1490 1537 1538 
2725 1490 1538 1491 
2726 1491 1538 1539 
2727 1491 1539 1492 
2728 1492 1539 1540 
2729 1492 1540 1493 
2730 1493 1540 1541 
2731 1493 1541 1494 
2732 1494 1541 1542 
2733 1494 1542 1495 
2734 1495 1542 1543 
2735 1495 1543 1496 
2736 1496 1543 1544 
2737 1496 1544 1497 
2738 1497 1544 1545 
2739 1497 1545 1498 
2740 1498 1545 1546 
2741 1498 1546 1499 
2742 1499 1546 1547 
2743 1499 1547 1500 
2744 1500 1547 1548 
2745 1500 1548 1501 
2746 1501 1548 1549 
2747 1501 1549 1502 
2748 1502 1549 1550 
2749 1502 1550 1503 
2750 1503 1550 1551 
2751 1503 1551 1504 
2752 1504 1551 1552 
2753 1504 1552 1505 
2754 1505 1552 1553 
2755 1505 1553 1506 
2756 1506 1553 1554 
2757 1506 1554 118 
2758 118 1554 117 
2759 34 35 1507 
2760 1507 35 1555 
2761 1507 1555 1508 
2762 1508 1555 1556 
2763 1508 1556 1509 
2764 1509 1556 1557 
2765 1509 1557 1510 
2766 1510 1557 1558 
2767 1510 1558 1511 
2768 1511 1558 1559 
2769 1511 1559 1512 
2770 1512 1559 1560 
2771 1512 1560 1513 
2772 1513 1560 1561 
2773 1513 1561 1514 
2774 1514 1561 1562 
2775 1514 1562 1515 
2776 1515 1562 1563 
2777 1515 1563 1516 
2778 1516 1563 1564 
2779 1516 1564 1517 
2780 1517 1564 1565 
2781 1517 1565 1518 
2782 1518 1565 1566 
2783 1518 1566 1519 
2784 1519 1566 1567 
2785 1519 1567 1520 
2786 1520 1567 1568 
2787 1520 1568 1521 
2788 1521 1568 1569 
2789 1521 1569 1522 
2790 1522 1569 1570 
2791 1522 1570 1523 
2792 1523 1570 1571 
2793 1523 1571 1524 
2794 1524 1571 1572 
2795 1524 1572 1525 
2796 1525 1572 1573 
2797 1525 1573 1526 
2798 1526 1573 1574 
2799 1526 1574 1527 
2800 1527 1574 1575 
2801 1527 1575 1528 
2802 1528 1575 1576 
2803 1528 1576 1529 
2804 1529 1576 1577 
2805 1529 1577 1530 
2806 1530 1577 1578 
2807 1530 1578 1531 
2808 1531 1578 1579 
2809 1531 1579 1532 
2810 1532 1579 1580 
2811 1532 1580 1533 
2812 1533 1580 1581 
2813 1533 1581 1534 
2814 1534 1581 1582 
2815 1534 1582 1535 
2816 1535 1582 1583 
2817 1535 1583 1536 
2818 1536 1583 1584 
2819 1536 1584 1537 
2820 1537 1584 1585 
2821 1537 1585 1538 
2822 1538 1585 1586 
2823 1538 1586 1539 
2824 1539 1586 1587 
2825 1539 1587 1540 
2826 1540 1587 1588 
2827 1540 1588 1541 
2828 1541 1588 1589 
2829 1541 1589 1542 
2830 1542 1589 1590 
2831 1542 1590 1543 
2832 1543 1590 1591 
2833 1543 1591 1544 
2834 1544 1591 1592 
2835 1544 1592 1545 
2836 1545 1592 1593 
2837 1545 1593 1546 
2838 1546 1593 1594 
2839 1546 1594 1547 
2840 1547 1594 1595 
2841 1547 1595 1548 
2842 1548 1595 1596 
2843 1548 1596 1549 
2844 1549 1596 1597 
2845 1549 1597 1550 
2846 1550 1597 1598 
2847 1550 1598 1551 
2848 1551 1598 1599 
2849 1551 1599 1552 
2850 1552 1599 1600 
2851 1552 1600 1553 
2852 1553 1600 1601 
2853 1553 1601 1554 
2854 1554 1601 1602 
2855 1554 1602 117 
2856 117 1602 116 
2857 35 36 1555 
2858 1555 36 1603 
2859 1555 1603 1556 
2860 1556 1603 1604 
2861 1556 1604 1557 
2862 1557 1604 1605 
2863 1557 1605 1558 
2864 1558 1605 1606 
2865 1558 1606 1559 
2866 1559 1606 1607 
2867 1559 1607 1560 
2868 1560 1607 1608 
2869 1560 1608 1561 
2870 1561 1608 1609 
2871 1561 1609 1562 
2872 1562 1609 1610 
2873 1562 1610 1563 
2874 1563 1610 1611 
2875 1563 1611 1564 
2876 1564 1611 1612 
2877 1564 1612 1565 
2878 1565 1612 1613 
2879 1565 1613 1566 
2880 1566 1613 1614 
2881 1566 1614 1567 
2882 1567 1614 1615 
2883 1567 1615 1568 
2884 1568 1615 1616 
2885 1568 1616 1569 
2886 1569 1616 1617 
2887 1569 1617 1570 
2888 1570 1617 1618 
2889 1570 1618 1571 
2890 1571 1618 1619 
2891 1571 1619 1572 
2892 1572 1619 1620 
2893 1572 1620 1573 
2894 1573 1620 1621 
2895 1573 1621 1574 
2896 1574 1621 1622 
2897 1574 1622 1575 
2898 1575 1622 1623 
2899 1575 1623 1576 
2900 1576 1623 1624 
2901 1576 1624 1577 
2902 1577 1624 1625 
2903 1577 1625 1578 
2904 1578 1625 1626 
2905 1578 1626 1579 
2906 1579 1626 1627 
2907 1579 1627 1580 
2908 1580 1627 1628 
2909 1580 1628 1581 
2910 1581 1628 1629 
2911 1581 1629 1582 
2912 1582 1629 1630 
2913 1582 1630 1583 
2914 1583 1630 1631 
2915 1583 1631 1584 
2916 1584 1631 1632 
2917 1584 1632 1585 
2918 1585 1632 1633 
2919 1585 1633 1586 
2920 1586 1633 1634 
2921 1586 1634 1587 
2922 1587 1634 1635 
2923 1587 1635 1588 
2924 1588 1635 1636 
2925 1588 1636 1589 
2926 1589 1636 1637 
2927 1589 1637 1590 
2928 1590 1637 1638 
2929 1590 1638 1591 
2930 1591 1638 1639 
2931 1591 1639 1592 
2932 1592 1639 1640 
2933 1592 1640 1593 
2934 1593 1640 1641 
2935 1593 1641 1594 
2936 1594 1641 1642 
2937 1594 1642 1595 
2938 1595 1642 1643 
2939 1595 1643 1596 
2940 1596 1643 1644 
2941 1596 1644 1597 
2942 1597 1644 1645 
2943 1597 1645 1598 
2944 1598 1645 1646 
2945 1598 1646 1599 
2946 1599 1646 1647 
2947 1599 1647 1600 
2948 1600 1647 1648 
2949 1600 1648 1601 
2950 1601 1648 1649 
2951 1601 1649 1602 
2952 1602 1649 1650 
2953 1602 1650 116 
2954 116 1650 115 
2955 36 37 1603 
2956 1603 37 1651 
2957 1603 1651 1604 
2958 1604 1651 1652 
2959 1604 1652 1605 
2960 1605 1652 1653 
2961 1605 1653 1606 
2962 1606 1653 1654 
2963 1606 1654 1607 
2964 1607 1654 1655 
2965 1607 1655 1608 
2966 1608 1655 1656 
2967 1608 1656 1609 
2968 1609 1656 1657 
2969 1609 1657 1610 
2970 1610 1657 1658 
2971 1610 1658 1611 
2972 1611 1658 1659 
2973 1611 1659 1612 
2974 1612 1659 1660 
2975 1612 1660 1613 
2976 1613 1660 1661 
2977 1613 1661 1614 
2978 1614 1661 1662 
2979 1614 1662 1615 
2980 1615 1662 1663 
2981 1615 1663 1616 
2982 1616 1663 1664 
2983 1616 1664 1617 
2984 1617 1664 1665 
2985 1617 1665 1618 
2986 1618 1665 1666 
2987 1618 1666 1619 
2988 1619 1666 1667 
2989 1619 1667 1620 
2990 1620 1667 1668 
2991 1620 1668 1621 
2992 1621 1668 1669 
2993 1621 1669 1622 
2994 1622 1669 1670 
2995 1622 1670 1623 
2996 1623 1670 1671 
2997 1623 1671 1624 
2998 1624 1671 1672 
2999 1624 1672 1625 
3000 1625 1672 1673 
3001 1625 1673 1626 
3002 1626 1673 1674 
3003 1626 1674 1627 
3004 1627 1674 1675 
3005 1627 1675 1628 
3006 1628 1675 1676 
3007 1628 1676 1629 
3008 1629 1676 1677 
3009 1629 1677 1630 
3010 1630 1677 1678 
3011 1630 1678 1631 
3012 1631 1678 1679 
3013 1631 1679 1632 
3014 1632 1679 1680 
3015 1632 1680 1633 
3016 1633 1680 1681 
3017 1633 1681 1634 
3018 1634 1681 1682 
3019 1634 1682 1635 
3020 1635 1682 1683 
3021 1635 1683 1636 
3022 1636 1683 1684 
3023 1636 1684 1637 
3024 1637 1684 1685 
3025 1637 1685 1638 
3026 1638 1685 1686 
3027 1638 1686 1639 
3028 1639 1686 1687 
3029 1639 1687 1640 
3030 1640 1687 1688 
3031 1640 1688 1641 
3032 1641 1688 1689 
3033 1641 1689 1642 
3034 1642 1689 1690 
3035 1642 1690 1643 
3036 1643 1690 1691 
3037 1643 1691 1644 
3038 1644 1691 1692 
3039 1644 1692 1645 
3040 1645 1692 1693 
3041 1645 1693 1646 
3042 1646 1693 1694 
3043 1646 1694 1647 
3044 1647 1694 1695 
3045 1647 1695 1648 
3046 1648 1695 1696 
3047 1648 1696 1649 
3048 1649 1696 1697 
3049 1649 1697 1650 
3050 1650 1697 1698 
3051 1650 1698 115 
3052 115 1698 114 
3053 37 38 1651 
3054 1651 38 1699 
3055 1651 1699 1652 
3056 1652 1699 1700 
3057 1652 1700 1653 
3058 1653 1700 1701 
3059 1653 1701 1654 
3060 1654 1701 1702 
3061 1654 1702 1655 
3062 1655 1702 1703 
3063 1655 1703 1656 
3064 1656 1703 1704 
3065 1656 1704 1657 
3066 1657 1704 1705 
3067 1657 1705 1658 
3068 1658 1705 1706 
3069 1658 1706 1659 
3070 1659 1706 1707 
3071 1659 1707 1660 
3072 1660 1707 1708 
3073 1660 1708 1661 
3074 1661 1708 1709 
3075 1661 1709 1662 
3076 1662 1709 1710 
3077 1662 1710 1663 
3078 1663 1710 1711 
3079 1663 1711 1664 
3080 1664 1711 1712 
3081 1664 1712 1665 
3082 1665 1712 1713 
3083 1665 1713 1666 
3084 1666 1713 1714 
3085 1666 1714 1667 
3086 1667 1714 1715 
3087 1667 1715 1668 
3088 1668 1715 1716 
3089 1668 1716 1669 
3090 1669 1716 1717 
3091 1669 1717 1670 
3092 1670 1717 1718 
3093 1670 1718 1671 
3094 1671 1718 1719 
3095 1671 1719 1672 
3096 1672 1719 1720 
3097 1672 1720 1673 
3098 1673 1720 1721 
3099 1673 1721 1674 
3100 1674 1721 1722 
3101 1674 1722 1675 
3102 1675 1722 1723 
3103 1675 1723 1676 
3104 1676 1723 1724 
3105 1676 1724 1677 
3106 1677 1724 1725 
3107 1677 1725 1678 
3108 1678 1725 1726 
3109 1678 1726 1679 
3110 1679 1726 1727 
3111 1679 1727 1680 
3112 1680 1727 1728 
3113 1680 1728 1681 
3114 1681 1728 1729 
3115 1681 1729 1682 
3116 1682 1729 1730 
3117 1682 1730 1683 
3118 1683 1730 1731 
3119 1683 1731 1684 
3120 1684 1731 1732 
3121 1684 1732 1685 
3122 1685 1732 1733 
3123 1685 1733 1686 
3124 1686 1733 1734 
3125 1686 1734 1687 
3126 1687 1734 1735 
3127 1687 1735 1688 
3128 1688 1735 1736 
3129 1688 1736 1689 
3130 1689 1736 1737 
3131 1689 1737 1690 
3132 1690 1737 1738 
3133 1690 1738 1691 
3134 1691 1738 1739 
3135 1691 1739 1692 
3136 1692 1739 1740 
3137 1692 1740 1693 
3138 1693 1740 1741 
3139 1693 1741 1694 
3140 1694 1741 1742 
3141 1694 1742 1695 
3142 1695 1742 1743 
3143 1695 1743 1696 
3144 1696 1743 1744 
3145 1696 1744 1697 
3146 1697 1744 1745 
3147 1697 1745 1698 
3148 1698 1745 1746 
3149 1698 1746 114 
3150 114 1746 113 
3151 38 39 1699 
3152 1699 39 1747 
3153 1699 1747 1700 
3154 1700 1747 1748 
3155 1700 1748 1701 
3156 1701 1748 1749 
3157 1701 1749 1702 
3158 1702 1749 1750 
3159 1702 1750 1703 
3160 1703 1750 1751 
3161 1703 1751 1704 
3162 1704 1751 1752 
3163 1704 1752 1705 
3164 1705 1752 1753 
3165 1705 1753 1706 
3166 1706 1753 1754 
3167 1706 1754 1707 
3168 1707 1754 1755 
3169 1707 1755 1708 
3170 1708 1755 1756 
3171 1708 1756 1709 
3172 1709 1756 1757 
3173 1709 1757 1710 
3174 1710 1757 1758 
3175 1710 1758 1711 
3176 1711 1758 1759 
3177 1711 1759 1712 
3178 1712 1759 1760 
3179 1712 1760 1713 
3180 1713 1760 1761 
3181 1713 1761 1714 
3182 1714 1761 1762 
3183 1714 1762 1715 
3184 1715 1762 1763 
3185 1715 1763 1716 
3186 1716 1763 1764 
3187 1716 1764 1717 
3188 1717 1764 1765 
3189 1717 1765 1718 
3190 1718 1765 1766 
3191 1718 1766 1719 
3192 1719 1766 1767 
3193 1719 1767 1720 
3194 1720 1767 1768 
3195 1720 1768 1721 
3196 1721 1768 1769 
3197 1721 1769 1722 
3198 1722 1769 1770 
3199 1722 1770 1723 
3200 1723 1770 1771 
3201 1723 1771 1724 
3202 1724 1771 1772 
3203 1724 1772 1725 
3204 1725 1772 1773 
3205 1725 1773 1726 
3206 1726 1773 1774 
3207 1726 1774 1727 
3208 1727 1774 1775 
3209 1727 1775 1728 
3210 1728 1775 1776 
3211 1728 1776 1729 
3212 1729 1776 1777 
3213 1729 1777 1730 
3214 1730 1777 1778 
3215 1730 1778 1731 
3216 1731 1778 1779 
3217 1731 1779 1732 
3218 1732 1779 1780 
3219 1732 1780 1733 
3220 1733 1780 1781 
3221 1733 1781 1734 
3222 1734 1781 1782 
3223 1734 1782 1735 
3224 1735 1782 1783 
3225 1735 1783 1736 
3226 1736 1783 1784 
3227 1736 1784 1737 
3228 1737 1784 1785 
3229 1737 1785 1738 
3230 1738 1785 1786 
3231 1738 1786 1739 
3232 1739 1786 1787 
3233 1739 1787 1740 
3234 1740 1787 1788 
3235 1740 1788 1741 
3236 1741 1788 1789 
3237 1741 1789 1742 
3238 1742 1789 1790 
3239 1742 1790 1743 
3240 1743 1790 1791 
3241 1743 1791 1744 
3242 1744 1791 1792 
3243 1744 1792 1745 
3244 1745 1792 1793 
3245 1745 1793 1746 
3246 1746 1793 1794 
3247 1746 1794 113 
3248 113 1794 112 
3249 39 40 1747 
3250 1747 40 1795 
3251 1747 1795 1748 
3252 1748 1795 1796 
3253 1748 1796 1749 
3254 1749 1796 1797 
3255 1749 1797 1750 
3256 1750 1797 1798 
3257 1750 1798 1751 
3258 1751 1798 1799 
3259 1751 1799 1752 
3260 1752 1799 1800 
3261 1752 1800 1753 
3262 1753 1800 1801 
3263 1753 1801 1754 
3264 1754 1801 1802 
3265 1754 1802 1755 
3266 1755 1802 1803 
3267 1755 1803 1756 
3268 1756 1803 1804 
3269 1756 1804 1757 
3270 1757 1804 1805 
3271 1757 1805 1758 
3272 1758 1805 1806 
3273 1758 1806 1759 
3274 1759 1806 1807 
3275 1759 1807 1760 
3276 1760 1807 1808 
3277 1760 1808 1761 
3278 1761 1808 1809 
3279 1761 1809 1762 
3280 1762 1809 1810 
3281 1762 1810 1763 
3282 1763 1810 1811 
3283 1763 1811 1764 
3284 1764 1811 1812 
3285 1764 1812 1765 
3286 1765 1812 1813 
3287 1765 1813 1766 
3288 1766 1813 1814 
3289 1766 1814 1767 
3290 1767 1814 1815 
3291 1767 1815 1768 
3292 1768 1815 1816 
3293 1768 1816 1769 
3294 1769 1816 1817 
3295 1769 1817 1770 
3296 1770 1817 1818 
3297 1770 1818 1771 
3298 1771 1818 1819 
3299 1771 1819 1772 
3300 1772 1819 1820 
3301 1772 1820 1773 
3302 1773 1820 1821 
3303 1773 1821 1774 
3304 1774 1821 1822 
3305 1774 1822 1775 
3306 1775 1822 1823 
3307 1775 1823 1776 
3308 1776 1823 1824 
3309 1776 1824 1777 
3310 1777 1824 1825 
3311 1777 1825 1778 
3312 1778 1825 1826 
3313 1778 1826 1779 
3314 1779 1826 1827 
3315 1779 1827 1780 
3316 1780 1827 1828 
3317 1780 1828 1781 
3318 1781 1828 1829 
3319 1781 1829 1782 
3320 1782 1829 1830 
3321 1782 1830 1783 
3322 1783 1830 1831 
3323 1783 1831 1784 
3324 1784 1831 1832 
3325 1784 1832 1785 
3326 1785 1832 1833 
3327 1785 1833 1786 
3328 1786 1833 1834 
3329 1786 1834 1787 
3330 1787 1834 1835 
3331 1787 1835 1788 
3332 1788 1835 1836 
3333 1788 1836 1789 
3334 1789 1836 1837 
3335 1789 1837 1790 
3336 1790 1837 1838 
3337 1790 1838 1791 
3338 1791 1838 1839 
3339 1791 1839 1792 
3340 1792 1839 1840 
3341 1792 1840 1793 
3342 1793 1840 1841 
3343 1793 1841 1794 
3344 1794 1841 1842 
3345 1794 1842 112 
3346 112 1842 111 
3347 40 41 1795 
3348 1795 41 1843 
3349 1795 1843 1796 
3350 1796 1843 1844 
3351 1796 1844 1797 
3352 1797 1844 1845 
3353 1797 1845 1798 
3354 1798 1845 1846 
3355 1798 1846 1799 
3356 1799 1846 1847 
3357 1799 1847 1800 
3358 1800 1847 1848 
3359 1800 1848 1801 
3360 1801 1848 1849 
3361 1801 1849 1802 
3362 1802 1849 1850 
3363 1802 1850 1803 
3364 1803 1850 1851 
3365 1803 1851 1804 
3366 1804 1851 1852 
3367 1804 1852 1805 
3368 1805 1852 1853 
3369 1805 1853 1806 
3370 1806 1853 1854 
3371 1806 1854 1807 
3372 1807 1854 1855 
3373 1807 1855 1808 
3374 1808 1855 1856 
3375 1808 1856 1809 
3376 1809 1856 1857 
3377 1809 1857 1810 
3378 1810 1857 1858 
3379 1810 1858 1811 
3380 1811 1858 1859 
3381 1811 1859 1812 
3382 1812 1859 1860 
3383 1812 1860 1813 
3384 1813 1860 1861 
3385 1813 1861 1814 
3386 1814 1861 1862 
3387 1814 1862 1815 
3388 1815 1862 1863 
3389 1815 1863 1816 
3390 1816 1863 1864 
3391 1816 1864 1817 
3392 1817 1864 1865 
3393 1817 1865 1818 
3394 1818 1865 1866 
3395 1818 1866 1819 
3396 1819 1866 1867 
3397 1819 1867 1820 
3398 1820 1867 1868 
3399 1820 1868 1821 
3400 1821 1868 1869 
3401 1821 1869 1822 
3402 1822 1869 1870 
3403 1822 1870 1823 
3404 1823 1870 1871 
3405 1823 1871 1824 
3406 1824 1871 1872 
3407 1824 1872 1825 
3408 1825 1872 1873 
3409 1825 1873 1826 
3410 1826 1873 1874 
3411 1826 1874 1827 
3412 1827 1874 1875 
3413 1827 1875 1828 
3414 1828 1875 1876 
3415 1828 1876 1829 
3416 1829 1876 1877 
3417 1829 1877 1830 
3418 1830 1877 1878 
3419 1830 1878 1831 
3420 1831 1878 1879 
3421 1831 1879 1832 
3422 1832 1879 1880 
3423 1832 1880 1833 
3424 1833 1880 1881 
3425 1833 1881 1834 
3426 1834 1881 1882 
3427 1834 1882 1835 
3428 1835 1882 1883 
3429 1835 1883 1836 
3430 1836 1883 1884 
3431 1836 1884 1837 
3432 1837 1884 1885 
3433 1837 1885 1838 
3434 1838 1885 1886 
3435 1838 1886 1839 
3436 1839 1886 1887 
3437 1839 1887 1840 
3438 1840 1887 1888 
3439 1840 1888 1841 
3440 1841 1888 1889 
3441 1841 1889 1842 
3442 1842 1889 1890 
3443 1842 1890 111 
3444 111 1890 110 
3445 41 42 1843 
3446 1843 42 1891 
3447 1843 1891 1844 
3448 1844 1891 1892 
3449 1844 1892 1845 
3450 1845 1892 1893 
3451 1845 1893 1846 
3452 1846 1893 1894 
3453 1846 1894 1847 
3454 1847 1894 1895 
3455 1847 1895 1848 
3456 1848 1895 1896 
3457 1848 1896 1849 
3458 1849 1896 1897 
3459 1849 1897 1850 
3460 1850 1897 1898 
3461 1850 1898 1851 
3462 1851 1898 1899 
3463 1851 1899 1852 
3464 1852 1899 1900 
3465 1852 1900 1853 
3466 1853 1900 1901 
3467 1853 1901 1854 
3468 1854 1901 1902 
3469 1854 1902 1855 
3470 1855 1902 1903 
3471 1855 1903 1856 
3472 1856 1903 1904 
3473 1856 1904 1857 
3474 1857 1904 1905 
3475 1857 1905 1858 
3476 1858 1905 1906 
3477 1858 1906 1859 
3478 1859 1906 1907 
3479 1859 1907 1860 
3480 1860 1907 1908 
3481 1860 1908 1861 
3482 1861 1908 1909 
3483 1861 1909 1862 
3484 1862 1909 1910 
3485 1862 1910 1863 
3486 1863 1910 1911 
3487 1863 1911 1864 
3488 1864 1911 1912 
3489 1864 1912 1865 
3490 1865 1912 1913 
3491 1865 1913 1866 
3492 1866 1913 1914 
3493 1866 1914 1867 
3494 1867 1914 1915 
3495 1867 1915 1868 
3496 1868 1915 1916 
3497 1868 1916 1869 
3498 1869 1916 1917 
3499 1869 1917 1870 
3500 1870 1917 1918 
3501 1870 1918 1871 
3502 1871 1918 1919 
3503 1871 1919 1872 
3504 1872 1919 1920 
3505 1872 1920 1873 
3506 1873 1920 1921 
3507 1873 1921 1874 
3508 1874 1921 1922 
3509 1874 1922 1875 
3510 1875 1922 1923 
3511 1875 1923 1876 
3512 1876 1923 1924 
3513 1876 1924 1877 
3514 1877 1924 1925 
3515 1877 1925 1878 
3516 1878 1925 1926 
3517 1878 1926 1879 
3518 1879 1926 1927 
3519 1879 1927 1880 
3520 1880 1927 1928 
3521 1880 1928 1881 
3522 1881 1928 1929 
3523 1881 1929 1882 
3524 1882 1929 1930 
3525 1882 1930 1883 
3526 1883 1930 1931 
3527 1883 1931 1884 
3528 1884 1931 1932 
3529 1884 1932 1885 
3530 1885 1932 1933 
3531 1885 1933 1886 
3532 1886 1933 1934 
3533 1886 1934 1887 
3534 1887 1934 1935 
3535 1887 1935 1888 
3536 1888 1935 1936 
3537 1888 1936 1889 
3538 1889 1936 1937 
3539 1889 1937 1890 
3540 1890 1937 1938 
3541 1890 1938 110 
3542 110 1938 109 
3543 42 43 1891 
3544 1891 43 1939 
3545 1891 1939 1892 
3546 1892 1939 1940 
3547 1892 1940 1893 
3548 1893 1940 1941 
3549 1893 1941 1894 
3550 1894 1941 1942 
3551 1894 1942 1895 
3552 1895 1942 1943 
3553 1895 1943 1896 
3554 1896 1943 1944 
3555 1896 1944 1897 
3556 1897 1944 1945 
3557 1897 1945 1898 
3558 1898 1945 1946 
3559 1898 1946 1899 
3560 1899 1946 1947 
3561 1899 1947 1900 
3562 1900 1947 1948 
3563 1900 1948 1901 
3564 1901 1948 1949 
3565 1901 1949 1902 
3566 1902 1949 1950 
3567 1902 1950 1903 
3568 1903 1950 1951 
3569 1903 1951 1904 
3570 1904 1951 1952 
3571 1904 1952 1905 
3572 1905 1952 1953 
3573 1905 1953 1906 
3574 1906 1953 1954 
3575 1906 1954 1907 
3576 1907 1954 1955 
3577 1907 1955 1908 
3578 1908 1955 1956 
3579 1908 1956 1909 
3580 1909 1956 1957 
3581 1909 1957 1910 
3582 1910 1957 1958 
3583 1910 1958 1911 
3584 1911 1958 1959 
3585 1911 1959 1912 
3586 1912 1959 1960 
3587 1912 1960 1913 
3588 1913 1960 1961 
3589 1913 1961 1914 
3590 1914 1961 1962 
3591 1914 1962 1915 
3592 1915 1962 1963 
3593 1915 1963 1916 
3594 1916 1963 1964 
3595 1916 1964 1917 
3596 1917 1964 1965 
3597 1917 1965 1918 
3598 1918 1965 1966 
3599 1918 1966 1919 
3600 1919 1966 1967 
3601 1919 1967 1920 
3602 1920 1967 1968 
3603 1920 1968 1921 
3604 1921 1968 1969 
3605 1921 1969 1922 
3606 1922 1969 1970 
3607 1922 1970 1923 
3608 1923 1970 1971 
3609 1923 1971 1924 
3610 1924 1971 1972 
3611 1924 1972 1925 
3612 1925 1972 1973 
3613 1925 1973 1926 
3614 1926 1973 1974 
3615 1926 1974 1927 
3616 1927 1974 1975 
3617 1927 1975 1928 
3618 1928 1975 1976 
3619 1928 1976 1929 
3620 1929 1976 1977 
3621 1929 1977 1930 
3622 1930 1977 1978 
3623 1930 1978 1931 
3624 1931 1978 1979 
3625 1931 1979 1932 
3626 1932 1979 1980 
3627 1932 1980 1933 
3628 1933 1980 1981 
3629 1933 1981 1934 
3630 1934 1981 1982 
3631 1934 1982 1935 
3632 1935 1982 1983 
3633 1935 1983 1936 
3634 1936 1983 1984 
3635 1936 1984 1937 
3636 1937 1984 1985 
3637 1937 1985 1938 
3638 1938 1985 1986 
3639 1938 1986 109 
3640 109 1986 108 
3641 43 44 1939 
3642 1939 44 1987 
3643 1939 1987 1940 
3644 1940 1987 1988 
3645 1940 1988 1941 
3646 1941 1988 1989 
3647 1941 1989 1942 
3648 1942 1989 1990 
3649 1942 1990 1943 
3650 1943 1990 1991 
3651 1943 1991 1944 
3652 1944 1991 1992 
3653 1944 1992 1945 
3654 1945 1992 1993 
3655 1945 1993 1946 
3656 1946 1993 1994 
3657 1946 1994 1947 
3658 1947 1994 1995 
3659 1947 1995 1948 
3660 1948 1995 1996 
3661 1948 1996 1949 
3662 1949 1996 1997 
3663 1949 1997 1950 
3664 1950 1997 1998 
3665 1950 1998 1951 
3666 1951 1998 1999 
3667 1951 1999 1952 
3668 1952 1999 2000 
3669 1952 2000 1953 
3670 1953 2000 2001 
3671 1953 2001 1954 
3672 1954 2001 2002 
3673 1954 2002 1955 
3674 1955 2002 2003 
3675 1955 2003 1956 
3676 1956 2003 2004 
3677 1956 2004 1957 
3678 1957 2004 2005 
3679 1957 2005 1958 
3680 1958 2005 2006 
3681 1958 2006 1959 
3682 1959 2006 2007 
3683 1959 2007 1960 
3684 1960 2007 2008 
3685 1960 2008 1961 
3686 1961 2008 2009 
3687 1961 2009 1962 
3688 1962 2009 2010 
3689 1962 2010 1963 
3690 1963 2010 2011 
3691 1963 2011 1964 
3692 1964 2011 2012 
3693 1964 2012 1965 
3694 1965 2012 2013 
3695 1965 2013 1966 
3696 1966 2013 2014 
3697 1966 2014 1967 
3698 1967 2014 2015 
3699 1967 2015 1968 
3700 1968 2015 2016 
3701 1968 2016 1969 
3702 1969 2016 2017 
3703 1969 2017 1970 
3704 1970 2017 2018 
3705 1970 2018 1971 
3706 1971 2018 2019 
3707 1971 2019 1972 
3708 1972 2019 2020 
3709 1972 2020 1973 
3710 1973 2020 2021 
3711 1973 2021 1974 
3712 1974 2021 2022 
3713 1974 2022 1975 
3714 1975 2022 2023 
3715 1975 2023 1976 
3716 1976 2023 2024 
3717 1976 2024 1977 
3718 1977 2024 2025 
3719 1977 2025 1978 
3720 1978 2025 2026 
3721 1978 2026 1979 
3722 1979 2026 2027 
3723 1979 2027 1980 
3724 1980 2027 2028 
3725 1980 2028 1981 
3726 1981 2028 2029 
3727 1981 2029 1982 
3728 1982 2029 2030 
3729 1982 2030 1983 
3730 1983 2030 2031 
3731 1983 2031 1984 
3732 1984 2031 2032 
3733 1984 2032 1985 
3734 1985 2032 2033 
3735 1985 2033 1986 
3736 1986 2033 2034 
3737 1986 2034 108 
3738 108 2034 107 
3739 44 45 1987 
3740 1987 45 2035 
3741 1987 2035 1988 
3742 1988 2035 2036 
3743 1988 2036 1989 
3744 1989 2036 2037 
3745 1989 2037 1990 
3746 1990 2037 2038 
3747 1990 2038 1991 
3748 1991 2038 2039 
3749 1991 2039 1992 
3750 1992 2039 2040 
3751 1992 2040 1993 
3752 1993 2040 2041 
3753 1993 2041 1994 
3754 1994 2041 2042 
3755 1994 2042 1995 
3756 1995 2042 2043 
3757 1995 2043 1996 
3758 1996 2043 2044 
3759 1996 2044 1997 
3760 1997 2044 2045 
3761 1997 2045 1998 
3762 1998 2045 2046 
3763 1998 2046 1999 
3764 1999 2046 2047 
3765 1999 2047 2000 
3766 2000 2047 2048 
3767 2000 2048 2001 
3768 2001 2048 2049 
3769 2001 2049 2002 
3770 2002 2049 2050 
3771 2002 2050 2003 
3772 2003 2050 2051 
3773 2003 2051 2004 
3774 2004 2051 2052 
3775 2004 2052 2005 
3776 2005 2052 2053 
3777 2005 2053 2006 
3778 2006 2053 2054 
3779 2006 2054 2007 
3780 2007 2054 2055 
3781 2007 2055 2008 
3782 2008 2055 2056 
3783 2008 2056 2009 
3784 2009 2056 2057 
3785 2009 2057 2010 
3786 2010 2057 2058 
3787 2010 2058 2011 
3788 2011 2058 2059 
3789 2011 2059 2012 
3790 2012 2059 2060 
3791 2012 2060 2013 
3792 2013 2060 2061 
3793 2013 2061 2014 
3794 2014 2061 2062 
3795 2014 2062 2015 
3796 2015 2062 2063 
3797 2015 2063 2016 
3798 2016 2063 2064 
3799 2016 2064 2017 
3800 2017 2064 2065 
3801 2017 2065 2018 
3802 2018 2065 2066 
3803 2018 2066 2019 
3804 2019 2066 2067 
3805 2019 2067 2020 
3806 2020 2067 2068 
3807 2020 2068 2021 
3808 2021 2068 2069 
3809 2021 2069 2022 
3810 2022 2069 2070 
3811 2022 2070 2023 
3812 2023 2070 2071 
3813 2023 2071 2024 
3814 2024 2071 2072 
3815 2024 2072 2025 
3816 2025 2072 2073 
3817 2025 2073 2026 
3818 2026 2073 2074 
3819 2026 2074 2027 
3820 2027 2074 2075 
3821 2027 2075 2028 
3822 2028 2075 2076 
3823 2028 2076 2029 
3824 2029 2076 2077 
3825 2029 2077 2030 
3826 2030 2077 2078 
3827 2030 2078 2031 
3828 2031 2078 2079 
3829 2031 2079 2032 
3830 2032 2079 2080 
3831 2032 2080 2033 
3832 2033 2080 2081 
3833 2033 2081 2034 
3834 2034 2081 2082 
3835 2034 2082 107 
3836 107 2082 106 
3837 45 46 2035 
3838 2035 46 2083 
3839 2035 2083 2036 
3840 2036 2083 2084 
3841 2036 2084 2037 
3842 2037 2084 2085 
3843 2037 2085 2038 
3844 2038 2085 2086 
3845 2038 2086 2039 
3846 2039 2086 2087 
3847 2039 2087 2040 
3848 2040 2087 2088 
3849 2040 2088 2041 
3850 2041 2088 2089 
3851 2041 2089 2042 
3852 2042 2089 2090 
3853 2042 2090 2043 
3854 2043 2090 2091 
3855 2043 2091 2044 
3856 2044 2091 2092 
3857 2044 2092 2045 
3858 2045 2092 2093 
3859 2045 2093 2046 
3860 2046 2093 2094 
3861 2046 2094 2047 
3862 2047 2094 2095 
3863 2047 2095 2048 
3864 2048 2095 2096 
3865 2048 2096 2049 
3866 2049 2096 2097 
3867 2049 2097 2050 
3868 2050 2097 2098 
3869 2050 2098 2051 
3870 2051 2098 2099 
3871 2051 2099 2052 
3872 2052 2099 2100 
3873 2052 2100 2053 
3874 2053 2100 2101 
3875 2053 2101 2054 
3876 2054 2101 2102 
3877 2054 2102 2055 
3878 2055 2102 2103 
3879 2055 2103 2056 
3880 2056 2103 2104 
3881 2056 2104 2057 
3882 2057 2104 2105 
3883 2057 2105 2058 
3884 2058 2105 2106 
3885 2058 2106 2059 
3886 2059 2106 2107 
3887 2059 2107 2060 
3888 2060 2107 2108 
3889 2060 2108 2061 
3890 2061 2108 2109 
3891 2061 2109 2062 
3892 2062 2109 2110 
3893 2062 2110 2063 
3894 2063 2110 2111 
3895 2063 2111 2064 
3896 2064 2111 2112 
3897 2064 2112 2065 
3898 2065 2112 2113 
3899 2065 2113 2066 
3900 2066 2113 2114 
3901 2066 2114 2067 
3902 2067 2114 2115 
3903 2067 2115 2068 
3904 2068 2115 2116 
3905 2068 2116 2069 
3906 2069 2116 2117 
3907 2069 2117 2070 
3908 2070 2117 2118 
3909 2070 2118 2071 
3910 2071 2118 2119 
3911 2071 2119 2072 
3912 2072 2119 2120 
3913 2072 2120 2073 
3914 2073 2120 2121 
3915 2073 2121 2074 
3916 2074 2121 2122 
3917 2074 2122 2075 
3918 2075 2122 2123 
3919 2075 2123 2076 
3920 2076 2123 2124 
3921 2076 2124 2077 
3922 2077 2124 2125 
3923 2077 2125 2078 
3924 2078 2125 2126 
3925 2078 2126 2079 
3926 2079 2126 2127 
3927 2079 2127 2080 
3928 2080 2127 2128 
3929 2080 2128 2081 
3930 2081 2128 2129 
3931 2081 2129 2082 
3932 2082 2129 2130 
3933 2082 2130 106 
3934 106 2130 105 
3935 46 47 2083 
3936 2083 47 2131 
3937 2083 2131 2084 
3938 2084 2131 2132 
3939 2084 2132 2085 
3940 2085 2132 2133 
3941 2085 2133 2086 
3942 2086 2133 2134 
3943 2086 2134 2087 
3944 2087 2134 2135 
3945 2087 2135 2088 
3946 2088 2135 2136 
3947 2088 2136 2089 
3948 2089 2136 2137 
3949 2089 2137 2090 
3950 2090 2137 2138 
3951 2090 2138 2091 
3952 2091 2138 2139 
3953 2091 2139 2092 
3954 2092 2139 2140 
3955 2092 2140 2093 
3956 2093 2140 2141 
3957 2093 2141 2094 
3958 2094 2141 2142 
3959 2094 2142 2095 
3960 2095 2142 2143 
3961 2095 2143 2096 
3962 2096 2143 2144 
3963 2096 2144 2097 
3964 2097 2144 2145 
3965 2097 2145 2098 
3966 2098 2145 2146 
3967 2098 2146 2099 
3968 2099 2146 2147 
3969 2099 2147 2100 
3970 2100 2147 2148 
3971 2100 2148 2101 
3972 2101 2148 2149 
3973 2101 2149 2102 
3974 2102 2149 2150 
3975 2102 2150 2103 
3976 2103 2150 2151 
3977 2103 2151 2104 
3978 2104 2151 2152 
3979 2104 2152 2105 
3980 2105 2152 2153 
3981 2105 2153 2106 
3982 2106 2153 2154 
3983 2106 2154 2107 
3984 2107 2154 2155 
3985 2107 2155 2108 
3986 2108 2155 2156 
3987 2108 2156 2109 
3988 2109 2156 2157 
3989 2109 2157 2110 
3990 2110 2157 2158 
3991 2110 2158 2111 
3992 2111 2158 2159 
3993 2111 2159 2112 
3994 2112 2159 2160 
3995 2112 2160 2113 
3996 2113 2160 2161 
3997 2113 2161 2114 
3998 2114 2161 2162 
3999 2114 2162 2115 
4000 2115 2162 2163 
4001 2115 2163 2116 
4002 2116 2163 2164 
4003 2116 2164 2117 
4004 2117 2164 2165 
4005 2117 2165 2118 
4006 2118 2165 2166 
4007 2118 2166 2119 
4008 2119 2166 2167 
4009 2119 2167 2120 
4010 2120 2167 2168 
4011 2120 2168 2121 
4012 2121 2168 2169 
4013 2121 2169 2122 
4014 2122 2169 2170 
4015 2122 2170 2123 
4016 2123 2170 2171 
4017 2123 2171 2124 
4018 2124 2171 2172 
4019 2124 2172 2125 
4020 2125 2172 2173 
4021 2125 2173 2126 
4022 2126 2173 2174 
4023 2126 2174 2127 
4024 2127 2174 2175 
4025 2127 2175 2128 
4026 2128 2175 2176 
4027 2128 2176 2129 
4028 2129 2176 2177 
4029 2129 2177 2130 
4030 2130 2177 2178 
4031 2130 2178 105 
4032 105 2178 104 
4033 47 48 2131 
4034 2131 48 2179 
4035 2131 2179 2132 
4036 2132 2179 2180 
4037 2132 2180 2133 
4038 2133 2180 2181 
4039 2133 2181 2134 
4040 2134 2181 2182 
4041 2134 2182 2135 
4042 2135 2182 2183 
4043 2135 2183 2136 
4044 2136 2183 2184 
4045 2136 2184 2137 
4046 2137 2184 2185 
4047 2137 2185 2138 
4048 2138 2185 2186 
4049 2138 2186 2139 
4050 2139 2186 2187 
4051 2139 2187 2140 
4052 2140 2187 2188 
4053 2140 2188 2141 
4054 2141 2188 2189 
4055 2141 2189 2142 
4056 2142 2189 2190 
4057 2142 2190 2143 
4058 2143 2190 2191 
4059 2143 2191 2144 
4060 2144 2191 2192 
4061 2144 2192 2145 
4062 2145 2192 2193 
4063 2145 2193 2146 
4064 2146 2193 2194 
4065 2146 2194 2147 
4066 2147 2194 2195 
4067 2147 2195 2148 
4068 2148 2195 2196 
4069 2148 2196 2149 
4070 2149 2196 2197 
4071 2149 2197 2150 
4072 2150 2197 2198 
4073 2150 2198 2151 
4074 2151 2198 2199 
4075 2151 2199 2152 
4076 2152 2199 2200 
4077 2152 2200 2153 
4078 2153 2200 2201 
4079 2153 2201 2154 
4080 2154 2201 2202 
4081 2154 2202 2155 
4082 2155 2202 2203 
4083 2155 2203 2156 
4084 2156 2203 2204 
4085 2156 2204 2157 
4086 2157 2204 2205 
4087 2157 2205 2158 
4088 2158 2205 2206 
4089 2158 2206 2159 
4090 2159 2206 2207 
4091 2159 2207 2160 
4092 2160 2207 2208 
4093 2160 2208 2161 
4094 2161 2208 2209 
4095 2161 2209 2162 
4096 2162 2209 2210 
4097 2162 2210 2163 
4098 2163 2210 2211 
4099 2163 2211 2164 
4100 2164 2211 2212 
4101 2164 2212 2165 
4102 2165 2212 2213 
4103 2165 2213 2166 
4104 2166 2213 2214 
4105 2166 2214 2167 
4106 2167 2214 2215 
4107 2167 2215 2168 
4108 2168 2215 2216 
4109 2168 2216 2169 
4110 2169 2216 2217 
4111 2169 2217 2170 
4112 2170 2217 2218 
4113 2170 2218 2171 
4114 2171 2218 2219 
4115 2171 2219 2172 
4116 2172 2219 2220 
4117 2172 2220 2173 
4118 2173 2220 2221 
4119 2173 2221 2174 
4120 2174 2221 2222 
4121 2174 2222 2175 
4122 2175 2222 2223 
4123 2175 2223 2176 
4124 2176 2223 2224 
4125 2176 2224 2177 
4126 2177 2224 2225 
4127 2177 2225 2178 
4128 2178 2225 2226 
4129 2178 2226 104 
4130 104 2226 103 
4131 48 49 2179 
4132 2179 49 2227 
4133 2179 2227 2180 
4134 2180 2227 2228 
4135 2180 2228 2181 
4136 2181 2228 2229 
4137 2181 2229 2182 
4138 2182 2229 2230 
4139 2182 2230 2183 
4140 2183 2230 2231 
4141 2183 2231 2184 
4142 2184 2231 2232 
4143 2184 2232 2185 
4144 2185 2232 2233 
4145 2185 2233 2186 
4146 2186 2233 2234 
4147 2186 2234 2187 
4148 2187 2234 2235 
4149 2187 2235 2188 
4150 2188 2235 2236 
4151 2188 2236 2189 
4152 2189 2236 2237 
4153 2189 2237 2190 
4154 2190 2237 2238 
4155 2190 2238 2191 
4156 2191 2238 2239 
4157 2191 2239 2192 
4158 2192 2239 2240 
4159 2192 2240 2193 
4160 2193 2240 2241 
4161 2193 2241 2194 
4162 2194 2241 2242 
4163 2194 2242 2195 
4164 2195 2242 2243 
4165 2195 2243 2196 
4166 2196 2243 2244 
4167 2196 2244 2197 
4168 2197 2244 2245 
4169 2197 2245 2198 
4170 2198 2245 2246 
4171 2198 2246 2199 
4172 2199 2246 2247 
4173 2199 2247 2200 
4174 2200 2247 2248 
4175 2200 2248 2201 
4176 2201 2248 2249 
4177 2201 2249 2202 
4178 2202 2249 2250 
4179 2202 2250 2203 
4180 2203 2250 2251 
4181 2203 2251 2204 
4182 2204 2251 2252 
4183 2204 2252 2205 
4184 2205 2252 2253 
4185 2205 2253 2206 
4186 2206 2253 2254 
4187 2206 2254 2207 
4188 2207 2254 2255 
4189 2207 2255 2208 
4190 2208 2255 2256 
4191 2208 2256 2209 
4192 2209 2256 2257 
4193 2209 2257 2210 
4194 2210 2257 2258 
4195 2210 2258 2211 
4196 2211 2258 2259 
4197 2211 2259 2212 
4198 2212 2259 2260 
4199 2212 2260 2213 
4200 2213 2260 2261 
4201 2213 2261 2214 
4202 2214 2261 2262 
4203 2214 2262 2215 
4204 2215 2262 2263 
4205 2215 2263 2216 
4206 2216 2263 2264 
4207 2216 2264 2217 
4208 2217 2264 2265 
4209 2217 2265 2218 
4210 2218 2265 2266 
4211 2218 2266 2219 
4212 2219 2266 2267 
4213 2219 2267 2220 
4214 2220 2267 2268 
4215 2220 2268 2221 
4216 2221 2268 2269 
4217 2221 2269 2222 
4218 2222 2269 2270 
4219 2222 2270 2223 
4220 2223 2270 2271 
4221 2223 2271 2224 
4222 2224 2271 2272 
4223 2224 2272 2225 
4224 2225 2272 2273 
4225 2225 2273 2226 
4226 2226 2273 2274 
4227 2226 2274 103 
4228 103 2274 102 
4229 49 50 2227 
4230 2227 50 2275 
4231 2227 2275 2228 
4232 2228 2275 2276 
4233 2228 2276 2229 
4234 2229 2276 2277 
4235 2229 2277 2230 
4236 2230 2277 2278 
4237 2230 2278 2231 
4238 2231 2278 2279 
4239 2231 2279 2232 
4240 2232 2279 2280 
4241 2232 2280 2233 
4242 2233 2280 2281 
4243 2233 2281 2234 
4244 2234 2281 2282 
4245 2234 2282 2235 
4246 2235 2282 2283 
4247 2235 2283 2236 
4248 2236 2283 2284 
4249 2236 2284 2237 
4250 2237 2284 2285 
4251 2237 2285 2238 
4252 2238 2285 2286 
4253 2238 2286 2239 
4254 2239 2286 2287 
4255 2239 2287 2240 
4256 2240 2287 2288 
4257 2240 2288 2241 
4258 2241 2288 2289 
4259 2241 2289 2242 
4260 2242 2289 2290 
4261 2242 2290 2243 
4262 2243 2290 2291 
4263 2243 2291 2244 
4264 2244 2291 2292 
4265 2244 2292 2245 
4266 2245 2292 2293 
4267 2245 2293 2246 
4268 2246 2293 2294 
4269 2246 2294 2247 
4270 2247 2294 2295 
4271 2247 2295 2248 
4272 2248 2295 2296 
4273 2248 2296 2249 
4274 2249 2296 2297 
4275 2249 2297 2250 
4276 2250 2297 2298 
4277 2250 2298 2251 
4278 2251 2298 2299 
4279 2251 2299 2252 
4280 2252 2299 2300 
4281 2252 2300 2253 
4282 2253 2300 2301 
4283 2253 2301 2254 
4284 2254 2301 2302 
4285 2254 2302 2255 
4286 2255 2302 2303 
4287 2255 2303 2256 
4288 2256 2303 2304 
4289 2256 2304 2257 
4290 2257 2304 2305 
4291 2257 2305 2258 
4292 2258 2305 2306 
4293 2258 2306 2259 
4294 2259 2306 2307 
4295 2259 2307 2260 
4296 2260 2307 2308 
4297 2260 2308 2261 
4298 2261 2308 2309 
4299 2261 2309 2262 
4300 2262 2309 2310 
4301 2262 2310 2263 
4302 2263 2310 2311 
4303 2263 2311 2264 
4304 2264 2311 2312 
4305 2264 2312 2265 
4306 2265 2312 2313 
4307 2265 2313 2266 
4308 2266 2313 2314 
4309 2266 2314 2267 
4310 2267 2314 2315 
4311 2267 2315 2268 
4312 2268 2315 2316 
4313 2268 2316 2269 
4314 2269 2316 2317 
4315 2269 2317 2270 
4316 2270 2317 2318 
4317 2270 2318 2271 
4318 2271 2318 2319 
4319 2271 2319 2272 
4320 2272 2319 2320 
4321 2272 2320 2273 
4322 2273 2320 2321 
4323 2273 2321 2274 
4324 2274 2321 2322 
4325 2274 2322 102 
4326 102 2322 101 
4327 50 51 2275 
4328 2275 51 2323 
4329 2275 2323 2276 
4330 2276 2323 2324 
4331 2276 2324 2277 
4332 2277 2324 2325 
4333 2277 2325 2278 
4334 2278 2325 2326 
4335 2278 2326 2279 
4336 2279 2326 2327 
4337 2279 2327 2280 
4338 2280 2327 2328 
4339 2280 2328 2281 
4340 2281 2328 2329 
4341 2281 2329 2282 
4342 2282 2329 2330 
4343 2282 2330 2283 
4344 2283 2330 2331 
4345 2283 2331 2284 
4346 2284 2331 2332 
4347 2284 2332 2285 
4348 2285 2332 2333 
4349 2285 2333 2286 
4350 2286 2333 2334 
4351 2286 2334 2287 
4352 2287 2334 2335 
4353 2287 2335 2288 
4354 2288 2335 2336 
4355 2288 2336 2289 
4356 2289 2336 2337 
4357 2289 2337 2290 
4358 2290 2337 2338 
4359 2290 2338 2291 
4360 2291 2338 2339 
4361 2291 2339 2292 
4362 2292 2339 2340 
4363 2292 2340 2293 
4364 2293 2340 2341 
4365 2293 2341 2294 
4366 2294 2341 2342 
4367 2294 2342 2295 
4368 2295 2342 2343 
4369 2295 2343 2296 
4370 2296 2343 2344 
4371 2296 2344 2297 
4372 2297 2344 2345 
4373 2297 2345 2298 
4374 2298 2345 2346 
4375 2298 2346 2299 
4376 2299 2346 2347 
4377 2299 2347 2300 
4378 2300 2347 2348 
4379 2300 2348 2301 
4380 2301 2348 2349 
4381 2301 2349 2302 
4382 2302 2349 2350 
4383 2302 2350 2303 
4384 2303 2350 2351 
4385 2303 2351 2304 
4386 2304 2351 2352 
4387 2304 2352 2305 
4388 2305 2352 2353 
4389 2305 2353 2306 
4390 2306 2353 2354 
4391 2306 2354 2307 
4392 2307 2354 2355 
4393 2307 2355 2308 
4394 2308 2355 2356 
4395 2308 2356 2309 
4396 2309 2356 2357 
4397 2309 2357 2310 
4398 2310 2357 2358 
4399 2310 2358 2311 
4400 2311 2358 2359 
4401 2311 2359 2312 
4402 2312 2359 2360 
4403 2312 2360 2313 
4404 2313 2360 2361 
4405 2313 2361 2314 
4406 2314 2361 2362 
4407 2314 2362 2315 
4408 2315 2362 2363 
4409 2315 2363 2316 
4410 2316 2363 2364 
4411 2316 2364 2317 
4412 2317 2364 2365 
4413 2317 2365 2318 
4414 2318 2365 2366 
4415 2318 2366 2319 
4416 2319 2366 2367 
4417 2319 2367 2320 
4418 2320 2367 2368 
4419 2320 2368 2321 
4420 2321 2368 2369 
4421 2321 2369 2322 
4422 2322 2369 2370 
4423 2322 2370 101 
4424 101 2370 100 
4425 51 2 2323 
4426 2323 2 52 
4427 2323 52 2324 
4428 2324 52 53 
4429 2324 53 2325 
4430 2325 53 54 
4431 2325 54 2326 
4432 2326 54 55 
4433 2326 55 2327 
4434 2327 55 56 
4435 2327 56 2328 
4436 2328 56 57 
4437 2328 57 2329 
4438 2329 57 58 
4439 2329 58 2330 
4440 2330 58 59 
4441 2330 59 2331 
4442 2331 59 60 
4443 2331 60 2332 
4444 2332 60 61 
4445 2332 61 2333 
4446 2333 61 62 
4447 2333 62 2334 
4448 2334 62 63 
4449 2334 63 2335 
4450 2335 63 64 
4451 2335 64 2336 
4452 2336 64 65 
4453 2336 65 2337 
4454 2337 65 66 
4455 2337 66 2338 
4456 2338 66 67 
4457 2338 67 2339 
4458 2339 67 68 
4459 2339 68 2340 
4460 2340 68 69 
4461 2340 69 2341 
4462 2341 69 70 
4463 2341 70 2342 
4464 2342 70 71 
4465 2342 71 2343 
4466 2343 71 72 
4467 2343 72 2344 
4468 2344 72 73 
4469 2344 73 2345 
4470 2345 73 74 
4471 2345 74 2346 
4472 2346 74 75 
4473 2346 75 2347 
4474 2347 75 76 
4475 2347 76 2348 
4476 2348 76 77 
4477 2348 77 2349 
4478 2349 77 78 
4479 2349 78 2350 
4480 2350 78 79 
4481 2350 79 2351 
4482 2351 79 80 
4483 2351 80 2352 
4484 2352 80 81 
4485 2352 81 2353 
4486 2353 81 82 
4487 2353 82 2354 
4488 2354 82 83 
4489 2354 83 2355 
4490 2355 83 84 
4491 2355 84 2356 
4492 2356 84 85 
4493 2356 85 2357 
4494 2357 85 86 
4495 2357 86 2358 
4496 2358 86 87 
4497 2358 87 2359 
4498 2359 87 88 
4499 2359 88 2360 
4500 2360 88 89 
4501 2360 89 2361 
4502 2361 89 90 
4503 2361 90 2362 
4504 2362 90 91 
4505 2362 91 2363 
4506 2363 91 92 
4507 2363 92 2364 
4508 2364 92 93 
4509 2364 93 2365 
4510 2365 93 94 
4511 2365 94 2366 
4512 2366 94 95 
4513 2366 95 2367 
4514 2367 95 96 
4515 2367 96 2368 
4516 2368 96 97 
4517 2368 97 2369 
4518 2369 97 98 
4519 2369 98 2370 
4520 2370 98 99 
4521 2370 99 100 
4522 100 99 3 
2 2 2 294
4523 2 191 52 
4524 52 191 2371 
4525 52 2371 53 
4526 53 2371 2372 
4527 53 2372 54 
4528 54 2372 2373 
4529 54 2373 55 
4530 55 2373 2374 
4531 55 2374 56 
4532 56 2374 2375 
4533 56 2375 57 
4534 57 2375 2376 
4535 57 2376 58 
4536 58 2376 2377 
4537 58 2377 59 
4538 59 2377 2378 
4539 59 2378 60 
4540 60 2378 2379 
4541 60 2379 61 
4542 61 2379 2380 
4543 61 2380 62 
4544 62 2380 2381 
4545 62 2381 63 
4546 63 2381 2382 
4547 63 2382 64 
4548 64 2382 2383 
4549 64 2383 65 
4550 65 2383 2384 
4551 65 2384 66 
4552 66 2384 2385 
4553 66 2385 67 
4554 67 2385 2386 
4555 67 2386 68 
4556 68 2386 2387 
4557 68 2387 69 
4558 69 2387 2388 
4559 69 2388 70 
4560 70 2388 2389 
4561 70 2389 71 
4562 71 2389 2390 
4563 71 2390 72 
4564 72 2390 2391 
4565 72 2391 73 
4566 73 2391 2392 
4567 73 2392 74 
4568 74 2392 2393 
4569 74 2393 75 
4570 75 2393 2394 
4571 75 2394 76 
4572 76 2394 2395 
4573 76 2395 77 
4574 77 2395 2396 
4575 77 2396 78 
4576 78 2396 2397 
4577 78 2397 79 
4578 79 2397 2398 
4579 79 2398 80 
4580 80 2398 2399 
4581 80 2399 81 
4582 81 2399 2400 
4583 81 2400 82 
4584 82 2400 2401 
4585 82 2401 83 
4586 83 2401 2402 
4587 83 2402 84 
4588 84 2402 2403 
4589 84 2403 85 
4590 85 2403 2404 
4591 85 2404 86 
4592 86 2404 2405 
4593 86 2405 87 
4594 87 2405 2406 
4595 87 2406 88 
4596 88 2406 2407 
4597 88 2407 89 
4598 89 2407 2408 
4599 89 2408 90 
4600 90 2408 2409 
4601 90 2409 91 
4602 91 2409 2410 
4603 91 2410 92 
4604 92 2410 2411 
4605 92 2411 93 
4606 93 2411 2412 
4607 93 2412 94 
4608 94 2412 2413 
4609 94 2413 95 
4610 95 2413 2414 
4611 95 2414 96 
4612 96 2414 2415 
4613 96 2415 97 
4614 97 2415 2416 
4615 97 2416 98 
4616 98 2416 2417 
4617 98 2417 99 
4618 99 2417 2418 
4619 99 2418 3 
4620 3 2418 242 
4621 191 192 2371 
4622 2371 192 2419 
4623 2371 2419 2372 
4624 2372 2419 2420 
4625 2372 2420 2373 
4626 2373 2420 2421 
4627 2373 2421 2374 
4628 2374 2421 2422 
4629 2374 2422 2375 
4630 2375 2422 2423 
4631 2375 2423 2376 
4632 2376 2423 2424 
4633 2376 2424 2377 
4634 2377 2424 2425 
4635 2377 2425 2378 
4636 2378 2425 2426 
4637 2378 2426 2379 
4638 2379 2426 2427 
4639 2379 2427 2380 
4640 2380 2427 2428 
4641 2380 2428 2381 
4642 2381 2428 2429 
4643 2381 2429 2382 
4644 2382 2429 2430 
4645 2382 2430 2383 
4646 2383 2430 2431 
4647 2383 2431 2384 
4648 2384 2431 2432 
4649 2384 2432 2385 
4650 2385 2432 2433 
4651 2385 2433 2386 
4652 2386 2433 2434 
4653 2386 2434 2387 
4654 2387 2434 2435 
4655 2387 2435 2388 
4656 2388 2435 2436 
4657 2388 2436 2389 
4658 2389 2436 2437 
4659 2389 2437 2390 
4660 2390 2437 2438 
4661 2390 2438 2391 
4662 2391 2438 2439 
4663 2391 2439 2392 
4664 2392 2439 2440 
4665 2392 2440 2393 
4666 2393 2440 2441 
4667 2393 2441 2394 
4668 2394 2441 2442 
4669 2394 2442 2395 
4670 2395 2442 2443 
4671 2395 2443 2396 
4672 2396 2443 2444 
4673 2396 2444 2397 
4674 2397 2444 2445 
4675 2397 2445 2398 
4676 2398 2445 2446 
4677 2398 2446 2399 
4678 2399 2446 2447 
4679 2399 2447 2400 
4680 2400 2447 2448 
4681 2400 2448 2401 
4682 2401 2448 2449 
4683 2401 2449 2402 
4684 2402 2449 2450 
4685 2402 2450 2403 
4686 2403 2450 2451 
4687 2403 2451 2404 
4688 2404 2451 2452 
4689 2404 2452 2405 
4690 2405 2452 2453 
4691 2405 2453 2406 
4692 2406 2453 2454 
4693 2406 2454 2407 
4694 2407 2454 2455 
4695 2407 2455 2408 
4696 2408 2455 2456 
4697 2408 2456 2409 
4698 2409 2456 2457 
4699 2409 2457 2410 
4700 2410 2457 2458 
4701 2410 2458 2411 
4702 2411 2458 2459 
4703 2411 2459 2412 
4704 2412 2459 2460 
4705 2412 2460 2413 
4706 2413 2460 2461 
4707 2413 2461 2414 
4708 2414 2461 2462 
4709 2414 2462 2415 
4710 2415 2462 2463 
4711 2415 2463 2416 
4712 2416 2463 2464 
4713 2416 2464 2417 
4714 2417 2464 2465 
4715 2417 2465 2418 
4716 2418 2465 2466 
4717 2418 2466 242 
4718 242 2466 241 
4719 192 5 2419 
4720 2419 5 193 
4721 2419 193 2420 
4722 2420 193 194 
4723 2420 194 2421 
4724 2421 194 195 
4725 2421 195 2422 
4726 2422 195 196 
4727 2422 196 2423 
4728 2423 196 197 
4729 2423 197 2424 
4730 2424 197 198 
4731 2424 198 2425 
4732 2425 198 199 
4733 2425 199 2426 
4734 2426 199 200 
4735 2426 200 2427 
4736 2427 200 201 
4737 2427 201 2428 
4738 2428 201 202 
4739 2428 202 2429 
4740 2429 202 203 
4741 2429 203 2430 
4742 2430 203 204 
4743 2430 204 2431 
4744 2431 204 205 
4745 2431 205 2432 
4746 2432 205 206 
4747 2432 206 2433 
4748 2433 206 207 
4749 2433 207 2434 
4750 2434 207 208 
4751 2434 208 2435 
4752 2435 208 209 
4753 2435 209 2436 
4754 2436 209 210 
4755 2436 210 2437 
4756 2437 210 211 
4757 2437 211 2438 
4758 2438 211 212 
4759 2438 212 2439 
4760 2439 212 213 
4761 2439 213 2440 
4762 2440 213 214 
4763 2440 214 2441 
4764 2441 214 215 
4765 2441 215 2442 
4766 2442 215 216 
4767 2442 216 2443 
4768 2443 216 217 
4769 2443 217 2444 
4770 2444 217 218 
4771 2444 218 2445 
4772 2445 218 219 
4773 2445 219 2446 
4774 2446 219 220 
4775 2446 220 2447 
4776 2447 220 221 
4777 2447 221 2448 
4778 2448 221 222 
4779 2448 222 2449 
4780 2449 222 223 
4781 2449 223 2450 
4782 2450 223 224 
4783 2450 224 2451 
4784 2451 224 225 
4785 2451 225 2452 
4786 2452 225 226 
4787 2452 226 2453 
4788 2453 226 227 
4789 2453 227 2454 
4790 2454 227 228 
4791 2454 228 2455 
4792 2455 228 229 
4793 2455 229 2456 
4794 2456 229 230 
4795 2456 230 2457 
4796 2457 230 231 
4797 2457 231 2458 
4798 2458 231 232 
4799 2458 232 2459 
4800 2459 232 233 
4801 2459 233 2460 
4802 2460 233 234 
4803 2460 234 2461 
4804 2461 234 235 
4805 2461 235 2462 
4806 2462 235 236 
4807 2462 236 2463 
4808 2463 236 237 
4809 2463 237 2464 
4810 2464 237 238 
4811 2464 238 2465 
4812 2465 238 239 
4813 2465 239 2466 
4814 2466 239 240 
4815 2466 240 241 
4816 241 240 6 
2 3 2 882
4817 5 243 193 
4818 193 243 2467 
4819 193 2467 194 
4820 194 2467 2468 
4821 194 2468 195 
4822 195 2468 2469 
4823 195 2469 196 
4824 196 2469 2470 
4825 196 2470 197 
4826 197 2470 2471 
4827 197 2471 198 
4828 198 2471 2472 
4829 198 2472 199 
4830 199 2472 2473 
4831 199 2473 200 
4832 200 2473 2474 
4833 200 2474 201 
4834 201 2474 2475 
4835 201 2475 202 
4836 202 2475 2476 
4837 202 2476 203 
4838 203 2476 2477 
4839 203 2477 204 
4840 204 2477 2478 
4841 204 2478 205 
4842 205 2478 2479 
4843 205 2479 206 
4844 206 2479 2480 
4845 206 2480 207 
4846 207 2480 2481 
4847 207 2481 208 
4848 208 2481 2482 
4849 208 2482 209 
4850 209 2482 2483 
4851 209 2483 210 
4852 210 2483 2484 
4853 210 2484 211 
4854 211 2484 2485 
4855 211 2485 212 
4856 212 2485 2486 
4857 212 2486 213 
4858 213 2486 2487 
4859 213 2487 214 
4860 214 2487 2488 
4861 214 2488 215 
4862 215 2488 2489 
4863 215 2489 216 
4864 216 2489 2490 
4865 216 2490 217 
4866 217 2490 2491 
4867 217 2491 218 
4868 218 2491 2492 
4869 218 2492 219 
4870 219 2492 2493 
4871 219 2493 220 
4872 220 2493 2494 
4873 220 2494 221 
4874 221 2494 2495 
4875 221 2495 222 
4876 222 2495 2496 
4877 222 2496 223 
4878 223 2496 2497 
4879 223 2497 224 
4880 224 2497 2498 
4881 224 2498 225 
4882 225 2498 2499 
4883 225 2499 226 
4884 226 2499 2500 
4885 226 2500 227 
4886 227 2500 2501 
4887 227 2501 228 
4888 228 2501 2502 
4889 228 2502 229 
4890 229 2502 2503 
4891 229 2503 230 
4892 230 2503 2504 
4893 230 2504 231 
4894 231 2504 2505 
4895 231 2505 232 
4896 232 2505 2506 
4897 232 2506 233 
4898 233 2506 2507 
4899 233 2507 234 
4900 234 2507 2508 
4901 234 2508 235 
4902 235 2508 2509 
4903 235 2509 236 
4904 236 2509 2510 
4905 236 2510 237 
4906 237 2510 2511 
4907 237 2511 238 
4908 238 2511 2512 
4909 238 2512 239 
4910 239 2512 2513 
4911 239 2513 240 
4912 240 2513 2514 
4913 240 2514 6 
4914 6 2514 306 
4915 243 244 2467 
4916 2467 244 2515 
4917 2467 2515 2468 
4918 2468 2515 2516 
4919 2468 2516 2469 
4920 2469 2516 2517 
4921 2469 2517 2470 
4922 2470 2517 2518 
4923 2470 2518 2471 
4924 2471 2518 2519 
4925 2471 2519 2472 
4926 2472 2519 2520 
4927 2472 2520 2473 
4928 2473 2520 2521 
4929 2473 2521 2474 
4930 2474 2521 2522 
4931 2474 2522 2475 
4932 2475 2522 2523 
4933 2475 2523 2476 
4934 2476 2523 2524 
4935 2476 2524 2477 
4936 2477 2524 2525 
4937 2477 2525 2478 
4938 2478 2525 2526 
4939 2478 2526 2479 
4940 2479 2526 2527 
4941 2479 2527 2480 
4942 2480 2527 2528 
4943 2480 2528 2481 
4944 2481 2528 2529 
4945 2481 2529 2482 
4946 2482 2529 2530 
4947 2482 2530 2483 
4948 2483 2530 2531 
4949 2483 2531 2484 
4950 2484 2531 2532 
4951 2484 2532 2485 
4952 2485 2532 2533 
4953 2485 2533 2486 
4954 2486 2533 2534 
4955 2486 2534 2487 
4956 2487 2534 2535 
4957 2487 2535 2488 
4958 2488 2535 2536 
4959 2488 2536 2489 
4960 2489 2536 2537 
4961 2489 2537 2490 
4962 2490 2537 2538 
4963 2490 2538 2491 
4964 2491 2538 2539 
4965 2491 2539 2492 
4966 2492 2539 2540 
4967 2492 2540 2493 
4968 2493 2540 2541 
4969 2493 2541 2494 
4970 2494 2541 2542 
4971 2494 2542 2495 
4972 2495 2542 2543 
4973 2495 2543 2496 
4974 2496 2543 2544 
4975 2496 2544 2497 
4976 2497 2544 2545 
4977 2497 2545 2498 
4978 2498 2545 2546 
4979 2498 2546 2499 
4980 2499 2546 2547 
4981 2499 2547 2500 
4982 2500 2547 2548 
4983 2500 2548 2501 
4984 2501 2548 2549 
4985 2501 2549 2502 
4986 2502 2549 2550 
4987 2502 2550 2503 
4988 2503 2550 2551 
4989 2503 2551 2504 
4990 2504 2551 2552 
4991 2504 2552 2505 
4992 2505 2552 2553 
4993 2505 2553 2506 
4994 2506 2553 2554 
4995 2506 2554 2507 
4996 2507 2554 2555 
4997 2507 2555 2508 
4998 2508 2555 2556 
4999 2508 2556 2509 
5000 2509 2556 2557 
5001 2509 2557 2510 
5002 2510 2557 2558 
5003 2510 2558 2511 
5004 2511 2558 2559 
5005 2511 2559 2512 
5006 2512 2559 2560 
5007 2512 2560 2513 
5008 2513 2560 2561 
5009 2513 2561 2514 
5010 2514 2561 2562 
5011 2514 2562 306 
5012 306 2562 305 
5013 244 245 2515 
5014 2515 245 2563 
5015 2515 2563 2516 
5016 2516 2563 2564 
5017 2516 2564 2517 
5018 2517 2564 2565 
5019 2517 2565 2518 
5020 2518 2565 2566 
5021 2518 2566 2519 
5022 2519 2566 2567 
5023 2519 2567 2520 
5024 2520 2567 2568 
5025 2520 2568 2521 
5026 2521 2568 2569 
5027 2521 2569 2522 
5028 2522 2569 2570 
5029 2522 2570 2523 
5030 2523 2570 2571 
5031 2523 2571 2524 
5032 2524 2571 2572 
5033 2524 2572 2525 
5034 2525 2572 2573 
5035 2525 2573 2526 
5036 2526 2573 2574 
5037 2526 2574 2527 
5038 2527 2574 2575 
5039 2527 2575 2528 
5040 2528 2575 2576 
5041 2528 2576 2529 
5042 2529 2576 2577 
5043 2529 2577 2530 
5044 2530 2577 2578 
5045 2530 2578 2531 
5046 2531 2578 2579 
5047 2531 2579 2532 
5048 2532 2579 2580 
5049 2532 2580 2533 
5050 2533 2580 2581 
5051 2533 2581 2534 
5052 2534 2581 2582 
5053 2534 2582 2535 
5054 2535 2582 2583 
5055 2535 2583 2536 
5056 2536 2583 2584 
5057 2536 2584 2537 
5058 2537 2584 2585 
5059 2537 2585 2538 
5060 2538 2585 2586 
5061 2538 2586 2539 
5062 2539 2586 2587 
5063 2539 2587 2540 
5064 2540 2587 2588 
5065 2540 2588 2541 
5066 2541 2588 2589 
5067 2541 2589 2542 
5068 2542 2589 2590 
5069 2542 2590 2543 
5070 2543 2590 2591 
5071 2543 2591 2544 
5072 2544 2591 2592 
5073 2544 2592 2545 
5074 2545 2592 2593 
5075 2545 2593 2546 
5076 2546 2593 2594 
5077 2546 2594 2547 
5078 2547 2594 2595 
5079 2547 2595 2548 
5080 2548 2595 2596 
5081 2548 2596 2549 
5082 2549 2596 2597 
5083 2549 2597 2550 
5084 2550 2597 2598 
5085 2550 2598 2551 
5086 2551 2598 2599 
5087 2551 2599 2552 
5088 2552 2599 2600 
5089 2552 2600 2553 
5090 2553 2600 2601 
5091 2553 2601 2554 
5092 2554 2601 2602 
5093 2554 2602 2555 
5094 2555 2602 2603 
5095 2555 2603 2556 
5096 2556 2603 2604 
5097 2556 2604 2557 
5098 2557 2604 2605 
5099 2557 2605 2558 
5100 2558 2605 2606 
5101 2558 2606 2559 
5102 2559 2606 2607 
5103 2559 2607 2560 
5104 2560 2607 2608 
5105 2560 2608 2561 
5106 2561 2608 2609 
5107 2561 2609 2562 
5108 2562 2609 2610 
5109 2562 2610 305 
5110 305 2610 304 
5111 245 246 2563 
5112 2563 246 2611 
5113 2563 2611 2564 
5114 2564 2611 2612 
5115 2564 2612 2565 
5116 2565 2612 2613 
5117 2565 2613 2566 
5118 2566 2613 2614 
5119 2566 2614 2567 
5120 2567 2614 2615 
5121 2567 2615 2568 
5122 2568 2615 2616 
5123 2568 2616 2569 
5124 2569 2616 2617 
5125 2569 2617 2570 
5126 2570 2617 2618 
5127 2570 2618 2571 
5128 2571 2618 2619 
5129 2571 2619 2572 
5130 2572 2619 2620 
5131 2572 2620 2573 
5132 2573 2620 2621 
5133 2573 2621 2574 
5134 2574 2621 2622 
5135 2574 2622 2575 
5136 2575 2622 2623 
5137 2575 2623 2576 
5138 2576 2623 2624 
5139 2576 2624 2577 
5140 2577 2624 2625 
5141 2577 2625 2578 
5142 2578 2625 2626 
5143 2578 2626 2579 
5144 2579 2626 2627 
5145 2579 2627 2580 
5146 2580 2627 2628 
5147 2580 2628 2581 
5148 2581 2628 2629 
5149 2581 2629 2582 
5150 2582 2629 2630 
5151 2582 2630 2583 
5152 2583 2630 2631 
5153 2583 2631 2584 
5154 2584 2631 2632 
5155 2584 2632 2585 
5156 2585 2632 2633 
5157 2585 2633 2586 
5158 2586 2633 2634 
5159 2586 2634 2587 
5160 2587 2634 2635 
5161 2587 2635 2588 
5162 2588 2635 2636 
5163 2588 2636 2589 
5164 2589 2636 2637 
5165 2589 2637 2590 
5166 2590 2637 2638 
5167 2590 2638 2591 
5168 2591 2638 2639 
5169 2591 2639 2592 
5170 2592 2639 2640 
5171 2592 2640 2593 
5172 2593 2640 2641 
5173 2593 2641 2594 
5174 2594 2641 2642 
5175 2594 2642 2595 
5176 2595 2642 2643 
5177 2595 2643 2596 
5178 2596 2643 2644 
5179 2596 2644 2597 
5180 2597 2644 2645 
5181 2597 2645 2598 
5182 2598 2645 2646 
5183 2598 2646 2599 
5184 2599 2646 2647 
5185 2599 2647 2600 
5186 2600 2647 2648 
5187 2600 2648 2601 
5188 2601 2648 2649 
5189 2601 2649 2602 
5190 2602 2649 2650 
5191 2602 2650 2603 
5192 2603 2650 2651 
5193 2603 2651 2604 
5194 2604 2651 2652 
5195 2604 2652 2605 
5196 2605 2652 2653 
5197 2605 2653 2606 
5198 2606 2653 2654 
5199 2606 2654 2607 
5200 2607 2654 2655 
5201 2607 2655 2608 
5202 2608 2655 2656 
5203 2608 2656 2609 
5204 2609 2656 2657 
5205 2609 2657 2610 
5206 2610 2657 2658 
5207 2610 2658 304 
5208 304 2658 303 
5209 246 247 2611 
5210 2611 247 2659 
5211 2611 2659 2612 
5212 2612 2659 2660 
5213 2612 2660 2613 
5214 2613 2660 2661 
5215 2613 2661 2614 
5216 2614 2661 2662 
5217 2614 2662 2615 
5218 2615 2662 2663 
5219 2615 2663 2616 
5220 2616 2663 2664 
5221 2616 2664 2617 
5222 2617 2664 2665 
5223 2617 2665 2618 
5224 2618 2665 2666 
5225 2618 2666 2619 
5226 2619 2666 2667 
5227 2619 2667 2620 
5228 2620 2667 2668 
5229 2620 2668 2621 
5230 2621 2668 2669 
5231 2621 2669 2622 
5232 2622 2669 2670 
5233 2622 2670 2623 
5234 2623 2670 2671 
5235 2623 2671 2624 
5236 2624 2671 2672 
5237 2624 2672 2625 
5238 2625 2672 2673 
5239 2625 2673 2626 
5240 2626 2673 2674 
5241 2626 2674 2627 
5242 2627 2674 2675 
5243 2627 2675 2628 
5244 2628 2675 2676 
5245 2628 2676 2629 
5246 2629 2676 2677 
5247 2629 2677 2630 
5248 2630 2677 2678 
5249 2630 2678 2631 
5250 2631 2678 2679 
5251 2631 2679 2632 
5252 2632 2679 2680 
5253 2632 2680 2633 
5254 2633 2680 2681 
5255 2633 2681 2634 
5256 2634 2681 2682 
5257 2634 2682 2635 
5258 2635 2682 2683 
5259 2635 2683 2636 
5260 2636 2683 2684 
5261 2636 2684 2637 
5262 2637 2684 2685 
5263 2637 2685 2638 
5264 2638 2685 2686 
5265 2638 2686 2639 
5266 2639 2686 2687 
5267 2639 2687 2640 
5268 2640 2687 2688 
5269 2640 2688 2641 
5270 2641 2688 2689 
5271 2641 2689 2642 
5272 2642 2689 2690 
5273 2642 2690 2643 
5274 2643 2690 2691 
5275 2643 2691 2644 
5276 2644 2691 2692 
5277 2644 2692 2645 
5278 2645 2692 2693 
5279 2645 2693 2646 
5280 2646 2693 2694 
5281 2646 2694 2647 
5282 2647 2694 2695 
5283 2647 2695 2648 
5284 2648 2695 2696 
5285 2648 2696 2649 
5286 2649 2696 2697 
5287 2649 2697 2650 
5288 2650 2697 2698 
5289 2650 2698 2651 
5290 2651 2698 2699 
5291 2651 2699 2652 
5292 2652 2699 2700 
5293 2652 2700 2653 
5294 2653 2700 2701 
5295 2653 2701 2654 
5296 2654 2701 2702 
5297 2654 2702 2655 
5298 2655 2702 2703 
5299 2655 2703 2656 
5300 2656 2703 2704 
5301 2656 2704 2657 
5302 2657 2704 2705 
5303 2657 2705 2658 
5304 2658 2705 2706 
5305 2658 2706 303 
5306 303 2706 302 
5307 247 248 2659 
5308 2659 248 2707 
5309 2659 2707 2660 
5310 2660 2707 2708 
5311 2660 2708 2661 
5312 2661 2708 2709 
5313 2661 2709 2662 
5314 2662 2709 2710 
5315 2662 2710 2663 
5316 2663 2710 2711 
5317 2663 2711 2664 
5318 2664 2711 2712 
5319 2664 2712 2665 
5320 2665 2712 2713 
5321 2665 2713 2666 
5322 2666 2713 2714 
5323 2666 2714 2667 
5324 2667 2714 2715 
5325 2667 2715 2668 
5326 2668 2715 2716 
5327 2668 2716 2669 
5328 2669 2716 2717 
5329 2669 2717 2670 
5330 2670 2717 2718 
5331 2670 2718 2671 
5332 2671 2718 2719 
5333 2671 2719 2672 
5334 2672 2719 2720 
5335 2672 2720 2673 
5336 2673 2720 2721 
5337 2673 2721 2674 
5338 2674 2721 2722 
5339 2674 2722 2675 
5340 2675 2722 2723 
5341 2675 2723 2676 
5342 2676 2723 2724 
5343 2676 2724 2677 
5344 2677 2724 2725 
5345 2677 2725 2678 
5346 2678 2725 2726 
5347 2678 2726 2679 
5348 2679 2726 2727 
5349 2679 2727 2680 
5350 2680 2727 2728 
5351 2680 2728 2681 
5352 2681 2728 2729 
5353 2681 2729 2682 
5354 2682 2729 2730 
5355 2682 2730 2683 
5356 2683 2730 2731 
5357 2683 2731 2684 
5358 2684 2731 2732 
5359 2684 2732 2685 
5360 2685 2732 2733 
5361 2685 2733 2686 
5362 2686 2733 2734 
5363 2686 2734 2687 
5364 2687 2734 2735 
5365 2687 2735 2688 
5366 2688 2735 2736 
5367 2688 2736 2689 
5368 2689 2736 2737 
5369 2689 2737 2690 
5370 2690 2737 2738 
5371 2690 2738 2691 
5372 2691 2738 2739 
5373 2691 2739 2692 
5374 2692 2739 2740 
5375 2692 2740 2693 
5376 2693 2740 2741 
5377 2693 2741 2694 
5378 2694 2741 2742 
5379 2694 2742 2695 
5380 2695 2742 2743 
5381 2695 2743 2696 
5382 2696 2743 2744 
5383 2696 2744 2697 
5384 2697 2744 2745 
5385 2697 2745 2698 
5386 2698 2745 2746 
5387 2698 2746 2699 
5388 2699 2746 2747 
5389 2699 2747 2700 
5390 2700 2747 2748 
5391 2700 2748 2701 
5392 2701 2748 2749 
5393 2701 2749 2702 
5394 2702 2749 2750 
5395 2702 2750 2703 
5396 2703 2750 2751 
5397 2703 2751 2704 
5398 2704 2751 2752 
5399 2704 2752 2705 
5400 2705 2752 2753 
5401 2705 2753 2706 
5402 2706 2753 2754 
5403 2706 2754 302 
5404 302 2754 301 
5405 248 249 2707 
5406 2707 249 2755 
5407 2707 2755 2708 
5408 2708 2755 2756 
5409 2708 2756 2709 
5410 2709 2756 2757 
5411 2709 2757 2710 
5412 2710 2757 2758 
5413 2710 2758 2711 
5414 2711 2758 2759 
5415 2711 2759 2712 
5416 2712 2759 2760 
5417 2712 2760 2713 
5418 2713 2760 2761 
5419 2713 2761 2714 
5420 2714 2761 2762 
5421 2714 2762 2715 
5422 2715 2762 2763 
5423 2715 2763 2716 
5424 2716 2763 2764 
5425 2716 2764 2717 
5426 2717 2764 2765 
5427 2717 2765 2718 
5428 2718 2765 2766 
5429 2718 2766 2719 
5430 2719 2766 2767 
5431 2719 2767 2720 
5432 2720 2767 2768 
5433 2720 2768 2721 
5434 2721 2768 2769 
5435 2721 2769 2722 
5436 2722 2769 2770 
5437 2722 2770 2723 
5438 2723 2770 2771 
5439 2723 2771 2724 
5440 2724 2771 2772 
5441 2724 2772 2725 
5442 2725 2772 2773 
5443 2725 2773 2726 
5444 2726 2773 2774 
5445 2726 2774 2727 
5446 2727 2774 2775 
5447 2727 2775 2728 
5448 2728 2775 2776 
5449 2728 2776 2729 
5450 2729 2776 2777 
5451 2729 2777 2730 
5452 2730 2777 2778 
5453 2730 2778 2731 
5454 2731 2778 2779 
5455 2731 2779 2732 
5456 2732 2779 2780 
5457 2732 2780 2733 
5458 2733 2780 2781 
5459 2733 2781 2734 
5460 2734 2781 2782 
5461 2734 2782 2735 
5462 2735 2782 2783 
5463 2735 2783 2736 
5464 2736 2783 2784 
5465 2736 2784 2737 
5466 2737 2784 2785 
5467 2737 2785 2738 
5468 2738 2785 2786 
5469 2738 2786 2739 
5470 2739 2786 2787 
5471 2739 2787 2740 
5472 2740 2787 2788 
5473 2740 2788 2741 
5474 2741 2788 2789 
5475 2741 2789 2742 
5476 2742 2789 2790 
5477 2742 2790 2743 
5478 2743 2790 2791 
5479 2743 2791 2744 
5480 2744 2791 2792 
5481 2744 2792 2745 
5482 2745 2792 2793 
5483 2745 2793 2746 
5484 2746 2793 2794 
5485 2746 2794 2747 
5486 2747 2794 2795 
5487 2747 2795 2748 
5488 2748 2795 2796 
5489 2748 2796 2749 
5490 2749 2796 2797 
5491 2749 2797 2750 
5492 2750 2797 2798 
5493 2750 2798 2751 
5494 2751 2798 2799 
5495 2751 2799 2752 
5496 2752 2799 2800 
5497 2752 2800 2753 
5498 2753 2800 2801 
5499 2753 2801 2754 
5500 2754 2801 2802 
5501 2754 2802 301 
5502 301 2802 300 
5503 249 250 2755 
5504 2755 250 2803 
5505 2755 2803 2756 
5506 2756 2803 2804 
5507 2756 2804 2757 
5508 2757 2804 2805 
5509 2757 2805 2758 
5510 2758 2805 2806 
5511 2758 2806 2759 
5512 2759 2806 2807 
5513 2759 2807 2760 
5514 2760 2807 2808 
5515 2760 2808 2761 
5516 2761 2808 2809 
5517 2761 2809 2762 
5518 2762 2809 2810 
5519 2762 2810 2763 
5520 2763 2810 2811 
5521 2763 2811 2764 
5522 2764 2811 2812 
5523 2764 2812 2765 
5524 2765 2812 2813 
5525 2765 2813 2766 
5526 2766 2813 2814 
5527 2766 2814 2767 
5528 2767 2814 2815 
5529 2767 2815 2768 
5530 2768 2815 2816 
5531 2768 2816 2769 
5532 2769 2816 2817 
5533 2769 2817 2770 
5534 2770 2817 2818 
5535 2770 2818 2771 
5536 2771 2818 2819 
5537 2771 2819 2772 
5538 2772 2819 2820 
5539 2772 2820 2773 
5540 2773 2820 2821 
5541 2773 2821 2774 
5542 2774 2821 2822 
5543 2774 2822 2775 
5544 2775 2822 2823 
5545 2775 2823 2776 
5546 2776 2823 2824 
5547 2776 2824 2777 
5548 2777 2824 2825 
5549 2777 2825 2778 
5550 2778 2825 2826 
5551 2778 2826 2779 
5552 2779 2826 2827 
5553 2779 2827 2780 
5554 2780 2827 2828 
5555 2780 2828 2781 
5556 2781 2828 2829 
5557 2781 2829 2782 
5558 2782 2829 2830 
5559 2782 2830 2783 
5560 2783 2830 2831 
5561 2783 2831 2784 
5562 2784 2831 2832 
5563 2784 2832 2785 
5564 2785 2832 2833 
5565 2785 2833 2786 
5566 2786 2833 2834 
5567 2786 2834 2787 
5568 2787 2834 2835 
5569 2787 2835 2788 
5570 2788 2835 2836 
5571 2788 2836 2789 
5572 2789 2836 2837 
5573 2789 2837 2790 
5574 2790 2837 2838 
5575 2790 2838 2791 
5576 2791 2838 2839 
5577 2791 2839 2792 
5578 2792 2839 2840 
5579 2792 2840 2793 
5580 2793 2840 2841 
5581 2793 2841 2794 
5582 2794 2841 2842 
5583 2794 2842 2795 
5584 2795 2842 2843 
5585 2795 2843 2796 
5586 2796 2843 2844 
5587 2796 2844 2797 
5588 2797 2844 2845 
5589 2797 2845 2798 
5590 2798 2845 2846 
5591 2798 2846 2799 
5592 2799 2846 2847 
5593 2799 2847 2800 
5594 2800 2847 2848 
5595 2800 2848 2801 
5596 2801 2848 2849 
5597 2801 2849 2802 
5598 2802 2849 2850 
5599 2802 2850 300 
5600 300 2850 299 
5601 250 7 2803 
5602 2803 7 251 
5603 2803 251 2804 
5604 2804 251 252 
5605 2804 252 2805 
5606 2805 252 253 
5607 2805 253 2806 
5608 2806 253 254 
5609 2806 254 2807 
5610 2807 254 255 
5611 2807 255 2808 
5612 2808 255 256 
5613 2808 256 2809 
5614 2809 256 257 
5615 2809 257 2810 
5616 2810 257 258 
5617 2810 258 2811 
5618 2811 258 259 
5619 2811 259 2812 
5620 2812 259 260 
5621 2812 260 2813 
5622 2813 260 261 
5623 2813 261 2814 
5624 2814 261 262 
5625 2814 262 2815 
5626 2815 262 263 
5627 2815 263 2816 
5628 2816 263 264 
5629 2816 264 2817 
5630 2817 264 265 
5631 2817 265 2818 
5632 2818 265 266 
5633 2818 266 2819 
5634 2819 266 267 
5635 2819 267 2820 
5636 2820 267 268 
5637 2820 268 2821 
5638 2821 268 269 
5639 2821 269 2822 
5640 2822 269 270 
5641 2822 270 2823 
5642 2823 270 271 
5643 2823 271 2824 
5644 2824 271 272 
5645 2824 272 2825 
5646 2825 272 273 
5647 2825 273 2826 
5648 2826 273 274 
5649 2826 274 2827 
5650 2827 274 275 
5651 2827 275 2828 
5652 2828 275 276 
5653 2828 276 2829 
5654 2829 276 277 
5655 2829 277 2830 
5656 2830 277 278 
5657 2830 278 2831 
5658 2831 278 279 
5659 2831 279 2832 
5660 2832 279 280 
5661 2832 280 2833 
5662 2833 280 281 
5663 2833 281 2834 
5664 2834 281 282 
5665 2834 282 2835 
5666 2835 282 283 
5667 2835 283 2836 
5668 2836 283 284 
5669 2836 284 2837 
5670 2837 284 285 
5671 2837 285 2838 
5672 2838 285 286 
5673 2838 286 2839 
5674 2839 286 287 
5675 2839 287 2840 
5676 2840 287 288 
5677 2840 288 2841 
5678 2841 288 289 
5679 2841 289 2842 
5680 2842 289 290 
5681 2842 290 2843 
5682 2843 290 291 
5683 2843 291 2844 
5684 2844 291 292 
5685 2844 292 2845 
5686 2845 292 293 
5687 2845 293 2846 
5688 2846 293 294 
5689 2846 294 2847 
5690 2847 294 295 
5691 2847 295 2848 
5692 2848 295 296 
5693 2848 296 2849 
5694 2849 296 297 
5695 2849 297 2850 
5696 2850 297 298 
5697 2850 298 299 
5698 299 298 8 
$EndElements
